x-axis,1,NO_LBL
second,Volt,Volt
-4.877340E+00,,
-4.872340E+00,+20.020E-03,+498.492E-03
-4.867340E+00,+17.206E-03,+498.492E-03
-4.862340E+00,+20.020E-03,+498.492E-03
-4.857340E+00,+20.020E-03,+498.492E-03
-4.852340E+00,+20.020E-03,+498.492E-03
-4.847340E+00,+17.206E-03,+498.492E-03
-4.842340E+00,+18.814E-03,+498.492E-03
-4.837340E+00,+20.020E-03,+498.492E-03
-4.832340E+00,+20.020E-03,+492.864E-03
-4.827340E+00,+17.206E-03,+492.864E-03
-4.822340E+00,+20.020E-03,+498.492E-03
-4.817340E+00,+17.206E-03,+498.492E-03
-4.812340E+00,+20.020E-03,+498.492E-03
-4.807340E+00,+16.000E-03,+498.492E-03
-4.802340E+00,+20.020E-03,+498.492E-03
-4.797340E+00,+20.020E-03,+498.492E-03
-4.792340E+00,+16.000E-03,+498.492E-03
-4.787340E+00,+20.020E-03,+498.492E-03
-4.782340E+00,+17.206E-03,+498.492E-03
-4.777340E+00,+20.020E-03,+498.492E-03
-4.772340E+00,+20.020E-03,+492.864E-03
-4.767340E+00,+20.020E-03,+498.492E-03
-4.762340E+00,+20.020E-03,+498.492E-03
-4.757340E+00,+17.206E-03,+498.492E-03
-4.752340E+00,+20.020E-03,+498.492E-03
-4.747340E+00,+18.814E-03,+498.492E-03
-4.742340E+00,+18.814E-03,+498.492E-03
-4.737340E+00,+18.814E-03,+498.492E-03
-4.732340E+00,+17.206E-03,+498.492E-03
-4.727340E+00,+17.206E-03,+496.080E-03
-4.722340E+00,+20.020E-03,+498.492E-03
-4.717340E+00,+18.814E-03,+498.492E-03
-4.712340E+00,+18.814E-03,+498.492E-03
-4.707340E+00,+17.206E-03,+498.492E-03
-4.702340E+00,+17.206E-03,+498.492E-03
-4.697340E+00,+20.020E-03,+498.492E-03
-4.692340E+00,+17.206E-03,+498.492E-03
-4.687340E+00,+17.206E-03,+498.492E-03
-4.682340E+00,+18.814E-03,+496.080E-03
-4.677340E+00,+20.020E-03,+500.905E-03
-4.672340E+00,+18.814E-03,+498.492E-03
-4.667340E+00,+18.814E-03,+498.492E-03
-4.662340E+00,+20.020E-03,+498.492E-03
-4.657340E+00,+20.020E-03,+498.492E-03
-4.652340E+00,+17.206E-03,+498.492E-03
-4.647340E+00,+20.020E-03,+498.492E-03
-4.642340E+00,+20.020E-03,+498.492E-03
-4.637340E+00,+17.206E-03,+498.492E-03
-4.632340E+00,+20.020E-03,+496.080E-03
-4.627340E+00,+20.020E-03,+498.492E-03
-4.622340E+00,+21.226E-03,+498.492E-03
-4.617340E+00,+20.020E-03,+498.492E-03
-4.612340E+00,+20.020E-03,+498.492E-03
-4.607340E+00,+20.020E-03,+498.492E-03
-4.602340E+00,+16.000E-03,+496.080E-03
-4.597340E+00,+20.020E-03,+498.492E-03
-4.592340E+00,+18.814E-03,+498.492E-03
-4.587340E+00,+16.000E-03,+492.864E-03
-4.582340E+00,+20.020E-03,+498.492E-03
-4.577340E+00,+17.206E-03,+498.492E-03
-4.572340E+00,+18.814E-03,+498.492E-03
-4.567340E+00,+16.000E-03,+498.492E-03
-4.562340E+00,+20.020E-03,+498.492E-03
-4.557340E+00,+16.000E-03,+498.492E-03
-4.552340E+00,+20.020E-03,+498.492E-03
-4.547340E+00,+18.814E-03,+498.492E-03
-4.542340E+00,+20.020E-03,+498.492E-03
-4.537340E+00,+20.020E-03,+498.492E-03
-4.532340E+00,+20.020E-03,+498.492E-03
-4.527340E+00,+17.206E-03,+498.492E-03
-4.522340E+00,+20.020E-03,+498.492E-03
-4.517340E+00,+18.814E-03,+498.492E-03
-4.512340E+00,+18.814E-03,+492.864E-03
-4.507340E+00,+20.020E-03,+498.492E-03
-4.502340E+00,+20.020E-03,+498.492E-03
-4.497340E+00,+17.206E-03,+498.492E-03
-4.492340E+00,+20.020E-03,+498.492E-03
-4.487340E+00,+17.206E-03,+496.080E-03
-4.482340E+00,+18.814E-03,+498.492E-03
-4.477340E+00,+20.020E-03,+498.492E-03
-4.472340E+00,+18.814E-03,+498.492E-03
-4.467340E+00,+20.020E-03,+492.864E-03
-4.462340E+00,+20.020E-03,+498.492E-03
-4.457340E+00,+17.206E-03,+498.492E-03
-4.452340E+00,+20.020E-03,+498.492E-03
-4.447340E+00,+17.206E-03,+498.492E-03
-4.442340E+00,+18.814E-03,+498.492E-03
-4.437340E+00,+18.814E-03,+498.492E-03
-4.432340E+00,+20.020E-03,+498.492E-03
-4.427340E+00,+20.020E-03,+498.492E-03
-4.422340E+00,+20.020E-03,+498.492E-03
-4.417340E+00,+20.020E-03,+498.492E-03
-4.412340E+00,+18.814E-03,+498.492E-03
-4.407340E+00,+21.226E-03,+496.080E-03
-4.402340E+00,+17.206E-03,+498.492E-03
-4.397340E+00,+16.000E-03,+498.492E-03
-4.392340E+00,+20.020E-03,+498.492E-03
-4.387340E+00,+18.814E-03,+498.492E-03
-4.382340E+00,+20.020E-03,+498.492E-03
-4.377340E+00,+17.206E-03,+498.492E-03
-4.372340E+00,+16.000E-03,+498.492E-03
-4.367340E+00,+20.020E-03,+498.492E-03
-4.362340E+00,+18.814E-03,+498.492E-03
-4.357340E+00,+18.814E-03,+498.492E-03
-4.352340E+00,+20.020E-03,+498.492E-03
-4.347340E+00,+20.020E-03,+498.492E-03
-4.342340E+00,+18.814E-03,+498.492E-03
-4.337340E+00,+18.814E-03,+498.492E-03
-4.332340E+00,+17.206E-03,+498.492E-03
-4.327340E+00,+20.020E-03,+498.492E-03
-4.322340E+00,+20.020E-03,+498.492E-03
-4.317340E+00,+18.814E-03,+496.080E-03
-4.312340E+00,+20.020E-03,+498.492E-03
-4.307340E+00,+20.020E-03,+498.492E-03
-4.302340E+00,+18.814E-03,+498.492E-03
-4.297340E+00,+17.206E-03,+500.905E-03
-4.292340E+00,+20.020E-03,+498.492E-03
-4.287340E+00,+20.020E-03,+498.492E-03
-4.282340E+00,+20.020E-03,+498.492E-03
-4.277340E+00,+16.000E-03,+498.492E-03
-4.272340E+00,+18.814E-03,+498.492E-03
-4.267340E+00,+18.814E-03,+498.492E-03
-4.262340E+00,+18.814E-03,+498.492E-03
-4.257340E+00,+20.020E-03,+498.492E-03
-4.252340E+00,+17.206E-03,+498.492E-03
-4.247340E+00,+18.814E-03,+498.492E-03
-4.242340E+00,+16.000E-03,+498.492E-03
-4.237340E+00,+20.020E-03,+498.492E-03
-4.232340E+00,+17.206E-03,+498.492E-03
-4.227340E+00,+16.000E-03,+498.492E-03
-4.222340E+00,+20.020E-03,+496.080E-03
-4.217340E+00,+20.020E-03,+498.492E-03
-4.212340E+00,+16.000E-03,+498.492E-03
-4.207340E+00,+20.020E-03,+498.492E-03
-4.202340E+00,+17.206E-03,+498.492E-03
-4.197340E+00,+20.020E-03,+498.492E-03
-4.192340E+00,+18.814E-03,+498.492E-03
-4.187340E+00,+20.020E-03,+496.080E-03
-4.182340E+00,+18.814E-03,+498.492E-03
-4.177340E+00,+16.000E-03,+498.492E-03
-4.172340E+00,+20.020E-03,+498.492E-03
-4.167340E+00,+17.206E-03,+496.080E-03
-4.162340E+00,+20.020E-03,+498.492E-03
-4.157340E+00,+20.020E-03,+498.492E-03
-4.152340E+00,+16.000E-03,+498.492E-03
-4.147340E+00,+20.020E-03,+498.492E-03
-4.142340E+00,+17.206E-03,+498.492E-03
-4.137340E+00,+20.020E-03,+498.492E-03
-4.132340E+00,+20.020E-03,+498.492E-03
-4.127340E+00,+17.206E-03,+498.492E-03
-4.122340E+00,+18.814E-03,+498.492E-03
-4.117340E+00,+20.020E-03,+498.492E-03
-4.112340E+00,+17.206E-03,+498.492E-03
-4.107340E+00,+22.834E-03,+498.492E-03
-4.102340E+00,+17.206E-03,+496.080E-03
-4.097340E+00,+18.814E-03,+498.492E-03
-4.092340E+00,+20.020E-03,+498.492E-03
-4.087340E+00,+20.020E-03,+498.492E-03
-4.082340E+00,+20.020E-03,+498.492E-03
-4.077340E+00,+20.020E-03,+498.492E-03
-4.072340E+00,+17.206E-03,+498.492E-03
-4.067340E+00,+17.206E-03,+498.492E-03
-4.062340E+00,+20.020E-03,+492.864E-03
-4.057340E+00,+20.020E-03,+498.492E-03
-4.052340E+00,+20.020E-03,+5.628E-03
-4.047340E+00,+16.000E-03,+0.0E+00
-4.042340E+00,+18.814E-03,+0.0E+00
-4.037340E+00,+16.000E-03,+0.0E+00
-4.032340E+00,+20.020E-03,+0.0E+00
-4.027340E+00,+20.020E-03,+0.0E+00
-4.022340E+00,+16.000E-03,+0.0E+00
-4.017340E+00,+16.000E-03,+0.0E+00
-4.012340E+00,+20.020E-03,+2.412E-03
-4.007340E+00,+21.628E-03,+0.0E+00
-4.002340E+00,+18.814E-03,+0.0E+00
-3.997340E+00,+20.020E-03,+0.0E+00
-3.992340E+00,+17.206E-03,+0.0E+00
-3.987340E+00,+16.000E-03,+0.0E+00
-3.982340E+00,+20.020E-03,+0.0E+00
-3.977340E+00,+18.412E-03,+0.0E+00
-3.972340E+00,+20.020E-03,+0.0E+00
-3.967340E+00,+21.628E-03,+5.628E-03
-3.962340E+00,+16.000E-03,+0.0E+00
-3.957340E+00,+21.226E-03,+498.492E-03
-3.952340E+00,+20.020E-03,+496.080E-03
-3.947340E+00,+18.814E-03,+498.492E-03
-3.942340E+00,+20.020E-03,+498.492E-03
-3.937340E+00,+17.206E-03,+498.492E-03
-3.932340E+00,+25.648E-03,+498.492E-03
-3.927340E+00,+20.020E-03,+498.492E-03
-3.922340E+00,+21.628E-03,+498.492E-03
-3.917340E+00,+18.814E-03,+0.0E+00
-3.912340E+00,+17.206E-03,+0.0E+00
-3.907340E+00,+20.020E-03,+490.452E-03
-3.902340E+00,+20.020E-03,+490.452E-03
-3.897340E+00,+20.020E-03,+498.492E-03
-3.892340E+00,+18.814E-03,+496.080E-03
-3.887340E+00,+20.020E-03,+490.452E-03
-3.882340E+00,+20.020E-03,+498.492E-03
-3.877340E+00,+20.020E-03,+498.492E-03
-3.872340E+00,+17.206E-03,+498.492E-03
-3.867340E+00,+18.814E-03,+498.492E-03
-3.862340E+00,+22.834E-03,+492.864E-03
-3.857340E+00,+20.020E-03,+492.864E-03
-3.852340E+00,+17.206E-03,+498.492E-03
-3.847340E+00,+18.814E-03,+498.492E-03
-3.842340E+00,+20.020E-03,+498.492E-03
-3.837340E+00,+22.834E-03,+490.452E-03
-3.832340E+00,+16.000E-03,+498.492E-03
-3.827340E+00,+16.000E-03,+498.492E-03
-3.822340E+00,+16.000E-03,+500.905E-03
-3.817340E+00,+20.020E-03,+498.492E-03
-3.812340E+00,+18.814E-03,+496.080E-03
-3.807340E+00,+20.020E-03,+498.492E-03
-3.802340E+00,+16.000E-03,+498.492E-03
-3.797340E+00,+14.392E-03,+498.492E-03
-3.792340E+00,+20.020E-03,+498.492E-03
-3.787340E+00,+21.226E-03,+498.492E-03
-3.782340E+00,+18.814E-03,+498.492E-03
-3.777340E+00,+20.020E-03,+498.492E-03
-3.772340E+00,+16.000E-03,+498.492E-03
-3.767340E+00,+20.020E-03,+498.492E-03
-3.762340E+00,+20.020E-03,+496.080E-03
-3.757340E+00,+20.020E-03,+498.492E-03
-3.752340E+00,+18.814E-03,+492.864E-03
-3.747340E+00,+18.814E-03,+498.492E-03
-3.742340E+00,+18.814E-03,+498.492E-03
-3.737340E+00,+20.020E-03,+498.492E-03
-3.732340E+00,+20.020E-03,+498.492E-03
-3.727340E+00,+16.000E-03,+498.492E-03
-3.722340E+00,+20.020E-03,+498.492E-03
-3.717340E+00,+17.206E-03,+492.864E-03
-3.712340E+00,+17.206E-03,+492.864E-03
-3.707340E+00,+17.206E-03,+498.492E-03
-3.702340E+00,+18.412E-03,+498.492E-03
-3.697340E+00,+20.020E-03,+498.492E-03
-3.692340E+00,+20.020E-03,+498.492E-03
-3.687340E+00,+17.206E-03,+498.492E-03
-3.682340E+00,+20.020E-03,+498.492E-03
-3.677340E+00,+20.020E-03,+498.492E-03
-3.672340E+00,+20.020E-03,+498.492E-03
-3.667340E+00,+20.020E-03,+492.864E-03
-3.662340E+00,+18.814E-03,+498.492E-03
-3.657340E+00,+17.206E-03,+498.492E-03
-3.652340E+00,+20.020E-03,+498.492E-03
-3.647340E+00,+20.020E-03,+498.492E-03
-3.642340E+00,+17.206E-03,+498.492E-03
-3.637340E+00,+17.206E-03,+498.492E-03
-3.632340E+00,+20.020E-03,+498.492E-03
-3.627340E+00,+18.814E-03,+498.492E-03
-3.622340E+00,+20.020E-03,+498.492E-03
-3.617340E+00,+17.206E-03,+498.492E-03
-3.612340E+00,+20.020E-03,+498.492E-03
-3.607340E+00,+17.206E-03,+498.492E-03
-3.602340E+00,+20.020E-03,+498.492E-03
-3.597340E+00,+20.020E-03,+492.864E-03
-3.592340E+00,+20.020E-03,+498.492E-03
-3.587340E+00,+11.578E-03,+498.492E-03
-3.582340E+00,+20.020E-03,+496.080E-03
-3.577340E+00,+18.412E-03,+498.492E-03
-3.572340E+00,+17.206E-03,+490.452E-03
-3.567340E+00,+20.020E-03,+498.492E-03
-3.562340E+00,+20.020E-03,+498.492E-03
-3.557340E+00,+20.020E-03,+498.492E-03
-3.552340E+00,+20.020E-03,+498.492E-03
-3.547340E+00,+20.020E-03,+496.080E-03
-3.542340E+00,+17.206E-03,+498.492E-03
-3.537340E+00,+17.206E-03,+498.492E-03
-3.532340E+00,+20.020E-03,+498.492E-03
-3.527340E+00,+17.206E-03,+498.492E-03
-3.522340E+00,+18.814E-03,+496.080E-03
-3.517340E+00,+20.020E-03,+498.492E-03
-3.512340E+00,+18.814E-03,+498.492E-03
-3.507340E+00,+17.206E-03,+498.492E-03
-3.502340E+00,+18.814E-03,+498.492E-03
-3.497340E+00,+20.020E-03,+498.492E-03
-3.492340E+00,+17.206E-03,+498.492E-03
-3.487340E+00,+20.020E-03,+498.492E-03
-3.482340E+00,+20.020E-03,+498.492E-03
-3.477340E+00,+16.000E-03,+498.492E-03
-3.472340E+00,+18.814E-03,+363.417E-03
-3.467340E+00,+18.814E-03,+0.0E+00
-3.462340E+00,+18.814E-03,+5.628E-03
-3.457340E+00,+18.814E-03,+0.0E+00
-3.452340E+00,+17.206E-03,+2.412E-03
-3.447340E+00,+17.206E-03,+8.040E-03
-3.442340E+00,+18.814E-03,+0.0E+00
-3.437340E+00,+20.020E-03,+0.0E+00
-3.432340E+00,+20.020E-03,+0.0E+00
-3.427340E+00,+18.814E-03,+5.628E-03
-3.422340E+00,+18.814E-03,+0.0E+00
-3.417340E+00,+17.206E-03,+0.0E+00
-3.412340E+00,+17.206E-03,+0.0E+00
-3.407340E+00,+18.412E-03,+5.628E-03
-3.402340E+00,+16.000E-03,+5.628E-03
-3.397340E+00,+17.206E-03,+5.628E-03
-3.392340E+00,+20.020E-03,+496.080E-03
-3.387340E+00,+17.206E-03,+496.080E-03
-3.382340E+00,+20.020E-03,+498.492E-03
-3.377340E+00,+20.020E-03,+498.492E-03
-3.372340E+00,+21.226E-03,+490.452E-03
-3.367340E+00,+20.020E-03,+490.452E-03
-3.362340E+00,+20.020E-03,+498.492E-03
-3.357340E+00,+18.814E-03,+498.492E-03
-3.352340E+00,+18.814E-03,+498.492E-03
-3.347340E+00,+20.020E-03,+498.492E-03
-3.342340E+00,+18.814E-03,+496.080E-03
-3.337340E+00,+18.814E-03,+496.080E-03
-3.332340E+00,+17.206E-03,+498.492E-03
-3.327340E+00,+20.020E-03,+498.492E-03
-3.322340E+00,+16.000E-03,+496.080E-03
-3.317340E+00,+18.814E-03,+498.492E-03
-3.312340E+00,+20.020E-03,+498.492E-03
-3.307340E+00,+20.020E-03,+498.492E-03
-3.302340E+00,+20.020E-03,+492.864E-03
-3.297340E+00,+17.206E-03,+498.492E-03
-3.292340E+00,+20.020E-03,+498.492E-03
-3.287340E+00,+20.020E-03,+498.492E-03
-3.282340E+00,+18.814E-03,+498.492E-03
-3.277340E+00,+20.020E-03,+492.864E-03
-3.272340E+00,+20.020E-03,+498.492E-03
-3.267340E+00,+18.814E-03,+498.492E-03
-3.262340E+00,+17.206E-03,+498.492E-03
-3.257340E+00,+18.814E-03,+498.492E-03
-3.252340E+00,+20.020E-03,+496.080E-03
-3.247340E+00,+18.814E-03,+498.492E-03
-3.242340E+00,+20.020E-03,+498.492E-03
-3.237340E+00,+18.814E-03,+498.492E-03
-3.232340E+00,+20.020E-03,+500.905E-03
-3.227340E+00,+18.814E-03,+498.492E-03
-3.222340E+00,+17.206E-03,+498.492E-03
-3.217340E+00,+17.206E-03,+498.492E-03
-3.212340E+00,+17.206E-03,+498.492E-03
-3.207340E+00,+17.206E-03,+498.492E-03
-3.202340E+00,+18.814E-03,+498.492E-03
-3.197340E+00,+20.020E-03,+498.492E-03
-3.192340E+00,+17.206E-03,+498.492E-03
-3.187340E+00,+18.814E-03,+498.492E-03
-3.182340E+00,+20.020E-03,+498.492E-03
-3.177340E+00,+21.226E-03,+498.492E-03
-3.172340E+00,+18.814E-03,+498.492E-03
-3.167340E+00,+17.206E-03,+492.864E-03
-3.162340E+00,+18.814E-03,+498.492E-03
-3.157340E+00,+20.020E-03,+492.864E-03
-3.152340E+00,+18.814E-03,+492.864E-03
-3.147340E+00,+18.814E-03,+498.492E-03
-3.142340E+00,+16.000E-03,+498.492E-03
-3.137340E+00,+20.020E-03,+498.492E-03
-3.132340E+00,+18.814E-03,+498.492E-03
-3.127340E+00,+20.020E-03,+498.492E-03
-3.122340E+00,+18.814E-03,+498.492E-03
-3.117340E+00,+20.020E-03,+498.492E-03
-3.112340E+00,+20.020E-03,+498.492E-03
-3.107340E+00,+17.206E-03,+498.492E-03
-3.102340E+00,+20.020E-03,+498.492E-03
-3.097340E+00,+18.814E-03,+504.121E-03
-3.092340E+00,+20.020E-03,+504.121E-03
-3.087340E+00,+18.412E-03,+0.0E+00
-3.082340E+00,+18.814E-03,+498.492E-03
-3.077340E+00,+9.970E-03,+492.864E-03
-3.072340E+00,+20.020E-03,+498.492E-03
-3.067340E+00,+20.020E-03,+498.492E-03
-3.062340E+00,+20.020E-03,+498.492E-03
-3.057340E+00,+20.020E-03,+498.492E-03
-3.052340E+00,+16.000E-03,+498.492E-03
-3.047340E+00,+20.020E-03,+498.492E-03
-3.042340E+00,+20.020E-03,+498.492E-03
-3.037340E+00,+17.206E-03,+498.492E-03
-3.032340E+00,+20.020E-03,+498.492E-03
-3.027340E+00,+20.020E-03,+0.0E+00
-3.022340E+00,+16.000E-03,+0.0E+00
-3.017340E+00,+20.020E-03,+488.040E-03
-3.012340E+00,+21.226E-03,+490.452E-03
-3.007340E+00,+17.206E-03,+498.492E-03
-3.002340E+00,+17.206E-03,+498.492E-03
-2.997340E+00,+16.000E-03,+498.492E-03
-2.992340E+00,+18.814E-03,+498.492E-03
-2.987340E+00,+20.020E-03,+0.0E+00
-2.982340E+00,+16.000E-03,+490.452E-03
-2.977340E+00,+17.206E-03,+492.864E-03
-2.972340E+00,+20.020E-03,+498.492E-03
-2.967340E+00,+16.000E-03,+498.492E-03
-2.962340E+00,+20.020E-03,+496.080E-03
-2.957340E+00,+16.000E-03,+490.452E-03
-2.952340E+00,+18.814E-03,+496.080E-03
-2.947340E+00,+18.814E-03,+498.492E-03
-2.942340E+00,+17.206E-03,+498.492E-03
-2.937340E+00,+20.020E-03,+496.080E-03
-2.932340E+00,+20.020E-03,+490.452E-03
-2.927340E+00,+20.020E-03,+498.492E-03
-2.922340E+00,+18.814E-03,+498.492E-03
-2.917340E+00,+3.136E-03,+484.824E-03
-2.912340E+00,+20.020E-03,+490.452E-03
-2.907340E+00,+20.020E-03,+498.492E-03
-2.902340E+00,+20.020E-03,+498.492E-03
-2.897340E+00,+20.020E-03,+500.905E-03
-2.892340E+00,+20.020E-03,+496.080E-03
-2.887340E+00,+17.206E-03,+490.452E-03
-2.882340E+00,+17.206E-03,+498.492E-03
-2.877340E+00,+18.814E-03,+498.492E-03
-2.872340E+00,+18.814E-03,+490.452E-03
-2.867340E+00,+20.020E-03,+484.824E-03
-2.862340E+00,+20.020E-03,+490.452E-03
-2.857340E+00,+20.020E-03,+498.492E-03
-2.852340E+00,+18.814E-03,+498.492E-03
-2.847340E+00,+16.000E-03,+490.452E-03
-2.842340E+00,+18.814E-03,+490.452E-03
-2.837340E+00,+20.020E-03,+498.492E-03
-2.832340E+00,+21.628E-03,+498.492E-03
-2.827340E+00,+20.020E-03,+498.492E-03
-2.822340E+00,+18.814E-03,+488.040E-03
-2.817340E+00,+17.206E-03,+490.452E-03
-2.812340E+00,+20.020E-03,+498.492E-03
-2.807340E+00,+18.814E-03,+496.080E-03
-2.802340E+00,+18.814E-03,+498.492E-03
-2.797340E+00,+16.000E-03,+490.452E-03
-2.792340E+00,+16.000E-03,+490.452E-03
-2.787340E+00,+20.020E-03,+492.864E-03
-2.782340E+00,+17.206E-03,+498.492E-03
-2.777340E+00,+17.206E-03,+498.492E-03
-2.772340E+00,+20.020E-03,+487.236E-03
-2.767340E+00,+17.206E-03,+490.452E-03
-2.762340E+00,+18.814E-03,+496.080E-03
-2.757340E+00,+20.020E-03,+492.864E-03
-2.752340E+00,+17.206E-03,+498.492E-03
-2.747340E+00,+16.000E-03,+0.0E+00
-2.742340E+00,+45.347E-03,+490.452E-03
-2.737340E+00,+17.206E-03,+492.864E-03
-2.732340E+00,+20.020E-03,+498.492E-03
-2.727340E+00,+17.206E-03,+498.492E-03
-2.722340E+00,+18.814E-03,+0.0E+00
-2.717340E+00,+17.206E-03,+490.452E-03
-2.712340E+00,+20.020E-03,+498.492E-03
-2.707340E+00,+21.226E-03,+498.492E-03
-2.702340E+00,+18.814E-03,+498.492E-03
-2.697340E+00,+20.020E-03,+5.628E-03
-2.692340E+00,+17.206E-03,+488.040E-03
-2.687340E+00,+16.000E-03,+492.864E-03
-2.682340E+00,+22.834E-03,+498.492E-03
-2.677340E+00,+20.020E-03,+498.492E-03
-2.672340E+00,+18.814E-03,+2.412E-03
-2.667340E+00,+22.834E-03,+490.452E-03
-2.662340E+00,+18.814E-03,+490.452E-03
-2.657340E+00,+18.814E-03,+498.492E-03
-2.652340E+00,+18.814E-03,+498.492E-03
-2.647340E+00,+20.020E-03,+492.864E-03
-2.642340E+00,+20.020E-03,+492.864E-03
-2.637340E+00,+17.206E-03,+498.492E-03
-2.632340E+00,+18.814E-03,+492.864E-03
-2.627340E+00,+16.000E-03,+490.452E-03
-2.622340E+00,+17.206E-03,+490.452E-03
-2.617340E+00,+16.000E-03,+492.864E-03
-2.612340E+00,+17.206E-03,+498.492E-03
-2.607340E+00,+16.000E-03,+353.769E-03
-2.602340E+00,+16.000E-03,+484.824E-03
-2.597340E+00,+16.000E-03,+490.452E-03
-2.592340E+00,+17.206E-03,+498.492E-03
-2.587340E+00,+18.814E-03,+498.492E-03
-2.582340E+00,+18.814E-03,+487.236E-03
-2.577340E+00,+20.020E-03,+492.864E-03
-2.572340E+00,+18.814E-03,+498.492E-03
-2.567340E+00,+20.020E-03,+496.080E-03
-2.562340E+00,+8.764E-03,+490.452E-03
-2.557340E+00,+20.020E-03,+490.452E-03
-2.552340E+00,+18.814E-03,+498.492E-03
-2.547340E+00,+18.814E-03,+488.040E-03
-2.542340E+00,+16.000E-03,+490.452E-03
-2.537340E+00,+20.020E-03,+498.492E-03
-2.532340E+00,+18.814E-03,+33.769E-03
-2.527340E+00,+16.000E-03,+490.452E-03
-2.522340E+00,+20.020E-03,+484.824E-03
-2.517340E+00,+18.814E-03,+498.492E-03
-2.512340E+00,+20.020E-03,+490.452E-03
-2.507340E+00,+20.020E-03,+492.864E-03
-2.502340E+00,+18.814E-03,+492.864E-03
-2.497340E+00,+20.020E-03,+484.824E-03
-2.492340E+00,+17.206E-03,+484.824E-03
-2.487340E+00,+18.814E-03,+496.080E-03
-2.482340E+00,+20.020E-03,+496.080E-03
-2.477340E+00,+18.814E-03,+490.452E-03
-2.472340E+00,+17.206E-03,+498.492E-03
-2.467340E+00,+20.020E-03,+490.452E-03
-2.462340E+00,+17.206E-03,+490.452E-03
-2.457340E+00,+20.020E-03,+498.492E-03
-2.452340E+00,+20.020E-03,+490.452E-03
-2.447340E+00,+16.000E-03,+490.452E-03
-2.442340E+00,+22.834E-03,+498.492E-03
-2.437340E+00,+17.206E-03,+492.864E-03
-2.432340E+00,+17.206E-03,+488.040E-03
-2.427340E+00,+20.020E-03,+147.136E-03
-2.422340E+00,+18.814E-03,+490.452E-03
-2.417340E+00,+20.020E-03,+492.864E-03
-2.412340E+00,+20.020E-03,+488.040E-03
-2.407340E+00,+16.000E-03,+493.668E-03
-2.402340E+00,+18.814E-03,+493.668E-03
-2.397340E+00,+17.206E-03,+498.492E-03
-2.392340E+00,+16.000E-03,+490.452E-03
-2.387340E+00,+18.814E-03,+488.040E-03
-2.382340E+00,+16.000E-03,+492.864E-03
-2.377340E+00,+18.814E-03,+498.492E-03
-2.372340E+00,+18.814E-03,+490.452E-03
-2.367340E+00,+16.000E-03,+490.452E-03
-2.362340E+00,+17.206E-03,+490.452E-03
-2.357340E+00,-11.337E-03,+479.196E-03
-2.352340E+00,+20.020E-03,+490.452E-03
-2.347340E+00,+20.020E-03,+496.080E-03
-2.342340E+00,+17.206E-03,+492.864E-03
-2.337340E+00,+18.814E-03,+490.452E-03
-2.332340E+00,+26.050E-03,+492.864E-03
-2.327340E+00,+20.020E-03,+490.452E-03
-2.322340E+00,+16.000E-03,+490.452E-03
-2.317340E+00,+17.206E-03,+490.452E-03
-2.312340E+00,+16.000E-03,+490.452E-03
-2.307340E+00,+18.814E-03,+482.412E-03
-2.302340E+00,+18.814E-03,+490.452E-03
-2.297340E+00,+18.814E-03,+159.196E-03
-2.292340E+00,+17.206E-03,+32.965E-03
-2.287340E+00,+20.020E-03,+490.452E-03
-2.282340E+00,+16.000E-03,+490.452E-03
-2.277340E+00,+18.814E-03,+488.040E-03
-2.272340E+00,+20.020E-03,+490.452E-03
-2.267340E+00,+16.000E-03,+490.452E-03
-2.262340E+00,+17.206E-03,+493.668E-03
-2.257340E+00,+18.814E-03,+490.452E-03
-2.252340E+00,+21.628E-03,+496.080E-03
-2.247340E+00,+18.814E-03,+487.236E-03
-2.242340E+00,+20.020E-03,+490.452E-03
-2.237340E+00,+20.020E-03,+490.452E-03
-2.232340E+00,+17.206E-03,+490.452E-03
-2.227340E+00,+17.206E-03,+490.452E-03
-2.222340E+00,+20.020E-03,+0.0E+00
-2.217340E+00,+20.020E-03,+490.452E-03
-2.212340E+00,+18.412E-03,+484.824E-03
-2.207340E+00,+22.834E-03,+479.196E-03
-2.202340E+00,+18.814E-03,+482.412E-03
-2.197340E+00,+20.020E-03,+78.794E-03
-2.192340E+00,+20.020E-03,+488.040E-03
-2.187340E+00,+20.020E-03,+3.216E-03
-2.182340E+00,+20.020E-03,+488.040E-03
-2.177340E+00,+20.020E-03,+492.864E-03
-2.172340E+00,+17.206E-03,+19.296E-03
-2.167340E+00,+16.000E-03,+496.080E-03
-2.162340E+00,+16.000E-03,+0.0E+00
-2.157340E+00,+18.814E-03,+490.452E-03
-2.152340E+00,+20.020E-03,+13.668E-03
-2.147340E+00,+16.000E-03,+369.849E-03
-2.142340E+00,+16.000E-03,+490.452E-03
-2.137340E+00,+20.020E-03,-8.844E-03
-2.132340E+00,+20.020E-03,+490.452E-03
-2.127340E+00,+18.814E-03,+490.452E-03
-2.122340E+00,+17.206E-03,+484.824E-03
-2.117340E+00,+16.000E-03,+492.864E-03
-2.112340E+00,+20.020E-03,+0.0E+00
-2.107340E+00,+20.020E-03,+492.864E-03
-2.102340E+00,+20.020E-03,+144.724E-03
-2.097340E+00,+16.000E-03,+3.216E-03
-2.092340E+00,+20.020E-03,+490.452E-03
-2.087340E+00,+17.206E-03,+490.452E-03
-2.082340E+00,+20.020E-03,+0.0E+00
-2.077340E+00,+18.814E-03,+490.452E-03
-2.072340E+00,+17.206E-03,+484.824E-03
-2.067340E+00,+18.814E-03,+490.452E-03
-2.062340E+00,+20.020E-03,+490.452E-03
-2.057340E+00,+16.000E-03,+11.256E-03
-2.052340E+00,+20.020E-03,+490.452E-03
-2.047340E+00,+20.020E-03,+492.864E-03
-2.042340E+00,+16.000E-03,+484.824E-03
-2.037340E+00,+20.020E-03,+413.266E-03
-2.032340E+00,+16.000E-03,+490.452E-03
-2.027340E+00,+20.020E-03,+487.236E-03
-2.022340E+00,+18.814E-03,+333.668E-03
-2.017340E+00,+17.206E-03,+492.864E-03
-2.012340E+00,+17.206E-03,+490.452E-03
-2.007340E+00,+17.206E-03,+0.0E+00
-2.002340E+00,+17.206E-03,+492.864E-03
-1.997340E+00,+20.020E-03,+490.452E-03
-1.992340E+00,+17.206E-03,+490.452E-03
-1.987340E+00,+20.020E-03,+490.452E-03
-1.982340E+00,+20.020E-03,+490.452E-03
-1.977340E+00,+18.814E-03,+484.824E-03
-1.972340E+00,+17.206E-03,+484.824E-03
-1.967340E+00,+20.020E-03,+490.452E-03
-1.962340E+00,+17.206E-03,+490.452E-03
-1.957340E+00,+20.020E-03,+490.452E-03
-1.952340E+00,+20.020E-03,+490.452E-03
-1.947340E+00,+17.206E-03,+493.668E-03
-1.942340E+00,+18.814E-03,+8.040E-03
-1.937340E+00,+17.206E-03,+488.040E-03
-1.932340E+00,+18.814E-03,+492.864E-03
-1.927340E+00,+20.020E-03,+484.824E-03
-1.922340E+00,+17.206E-03,+490.452E-03
-1.917340E+00,+20.020E-03,+490.452E-03
-1.912340E+00,+20.020E-03,+490.452E-03
-1.907340E+00,+17.206E-03,+490.452E-03
-1.902340E+00,+20.020E-03,+490.452E-03
-1.897340E+00,+17.206E-03,+496.080E-03
-1.892340E+00,+17.206E-03,+496.080E-03
-1.887340E+00,+20.020E-03,+484.824E-03
-1.882340E+00,+20.020E-03,+490.452E-03
-1.877340E+00,+18.814E-03,+484.824E-03
-1.872340E+00,+17.206E-03,+490.452E-03
-1.867340E+00,+16.000E-03,+492.864E-03
-1.862340E+00,+22.432E-03,+137.487E-03
-1.857340E+00,+20.020E-03,+490.452E-03
-1.852340E+00,+20.020E-03,+490.452E-03
-1.847340E+00,+20.020E-03,+490.452E-03
-1.842340E+00,+18.814E-03,+490.452E-03
-1.837340E+00,+16.000E-03,+490.452E-03
-1.832340E+00,+20.020E-03,+3.216E-03
-1.827340E+00,+16.000E-03,+16.884E-03
-1.822340E+00,+20.020E-03,+490.452E-03
-1.817340E+00,+13.588E-03,-2.412E-03
-1.812340E+00,+20.020E-03,+41.005E-03
-1.807340E+00,+18.814E-03,+492.864E-03
-1.802340E+00,+17.206E-03,+0.0E+00
-1.797340E+00,+18.814E-03,+144.724E-03
-1.792340E+00,+18.814E-03,+496.080E-03
-1.787340E+00,+20.020E-03,+0.0E+00
-1.782340E+00,+16.000E-03,+0.0E+00
-1.777340E+00,+17.206E-03,+490.452E-03
-1.772340E+00,+20.020E-03,+8.040E-03
-1.767340E+00,+17.206E-03,+490.452E-03
-1.762340E+00,+20.020E-03,+24.925E-03
-1.757340E+00,+20.020E-03,+488.040E-03
-1.752340E+00,+16.000E-03,+484.824E-03
-1.747340E+00,+20.020E-03,+490.452E-03
-1.742340E+00,+18.814E-03,+391.558E-03
-1.737340E+00,+18.814E-03,+5.628E-03
-1.732340E+00,+20.020E-03,-5.628E-03
-1.727340E+00,+18.814E-03,+8.040E-03
-1.722340E+00,+30.070E-03,+501.709E-03
-1.717340E+00,+20.020E-03,+0.0E+00
-1.712340E+00,+17.206E-03,+490.452E-03
-1.707340E+00,-9.327E-03,+476.784E-03
-1.702340E+00,+17.206E-03,+490.452E-03
-1.697340E+00,+16.000E-03,+0.0E+00
-1.692340E+00,+20.020E-03,+8.040E-03
-1.687340E+00,+20.020E-03,+490.452E-03
-1.682340E+00,+20.020E-03,+490.452E-03
-1.677340E+00,+17.206E-03,+0.0E+00
-1.672340E+00,+20.020E-03,+157.588E-03
-1.667340E+00,+18.814E-03,+490.452E-03
-1.662340E+00,+18.814E-03,+0.0E+00
-1.657340E+00,+17.206E-03,+343.317E-03
-1.652340E+00,+10.372E-03,+490.452E-03
-1.647340E+00,+12.784E-03,+94.070E-03
-1.642340E+00,+20.020E-03,+150.352E-03
-1.637340E+00,+20.020E-03,+490.452E-03
-1.632340E+00,+20.020E-03,+164.824E-03
-1.627340E+00,+20.020E-03,+316.784E-03
-1.622340E+00,+16.000E-03,+422.915E-03
-1.617340E+00,+18.814E-03,+490.452E-03
-1.612340E+00,+17.206E-03,+86.834E-03
-1.607340E+00,+18.814E-03,+0.0E+00
-1.602340E+00,+18.814E-03,+484.824E-03
-1.597340E+00,+20.020E-03,+500.905E-03
-1.592340E+00,+17.206E-03,+484.824E-03
-1.587340E+00,+17.206E-03,+490.452E-03
-1.582340E+00,+21.226E-03,+490.452E-03
-1.577340E+00,+20.020E-03,+326.432E-03
-1.572340E+00,+18.814E-03,+16.884E-03
-1.567340E+00,+17.206E-03,+493.668E-03
-1.562340E+00,+16.000E-03,+0.0E+00
-1.557340E+00,+17.206E-03,+471.156E-03
-1.552340E+00,+18.814E-03,+490.452E-03
-1.547340E+00,+17.206E-03,+0.0E+00
-1.542340E+00,+20.020E-03,+0.0E+00
-1.537340E+00,+18.814E-03,+490.452E-03
-1.532340E+00,+18.814E-03,+490.452E-03
-1.527340E+00,+20.020E-03,+8.040E-03
-1.522340E+00,+17.206E-03,+156.784E-03
-1.517340E+00,+18.814E-03,+0.0E+00
-1.512340E+00,+20.020E-03,+490.452E-03
-1.507340E+00,+17.206E-03,+0.0E+00
-1.502340E+00,+18.814E-03,+490.452E-03
-1.497340E+00,+18.814E-03,+490.452E-03
-1.492340E+00,+17.206E-03,+410.854E-03
-1.487340E+00,+20.020E-03,+490.452E-03
-1.482340E+00,+17.206E-03,+490.452E-03
-1.477340E+00,+18.814E-03,+490.452E-03
-1.472340E+00,+17.206E-03,+118.191E-03
-1.467340E+00,+17.206E-03,+484.824E-03
-1.462340E+00,+16.000E-03,+0.0E+00
-1.457340E+00,+17.206E-03,+459.899E-03
-1.452340E+00,+17.206E-03,+490.452E-03
-1.447340E+00,+17.206E-03,+101.307E-03
-1.442340E+00,+20.020E-03,+490.452E-03
-1.437340E+00,+20.020E-03,+430.151E-03
-1.432340E+00,+20.020E-03,+496.080E-03
-1.427340E+00,+18.814E-03,+490.452E-03
-1.422340E+00,+17.206E-03,+3.216E-03
-1.417340E+00,+17.206E-03,+488.040E-03
-1.412340E+00,+20.020E-03,+0.0E+00
-1.407340E+00,+17.206E-03,+465.528E-03
-1.402340E+00,+20.020E-03,+490.452E-03
-1.397340E+00,+18.814E-03,+490.452E-03
-1.392340E+00,+18.814E-03,+147.136E-03
-1.387340E+00,+18.814E-03,+490.452E-03
-1.382340E+00,+17.206E-03,+0.0E+00
-1.377340E+00,+16.000E-03,+490.452E-03
-1.372340E+00,+20.020E-03,+492.864E-03
-1.367340E+00,+20.020E-03,+0.0E+00
-1.362340E+00,+13.990E-03,+61.106E-03
-1.357340E+00,+20.020E-03,+11.256E-03
-1.352340E+00,+17.206E-03,+490.452E-03
-1.347340E+00,+17.206E-03,+0.0E+00
-1.342340E+00,+17.206E-03,+488.040E-03
-1.337340E+00,+18.814E-03,+490.452E-03
-1.332340E+00,+18.814E-03,+0.0E+00
-1.327340E+00,+18.814E-03,+484.824E-03
-1.322340E+00,+18.814E-03,+492.864E-03
-1.317340E+00,+17.206E-03,+492.864E-03
-1.312340E+00,+16.000E-03,+484.824E-03
-1.307340E+00,+20.020E-03,+490.452E-03
-1.302340E+00,+20.020E-03,+492.864E-03
-1.297340E+00,+20.020E-03,+0.0E+00
-1.292340E+00,+18.814E-03,+115.779E-03
-1.287340E+00,+20.020E-03,+490.452E-03
-1.282340E+00,+16.000E-03,+490.452E-03
-1.277340E+00,+18.814E-03,+149.548E-03
-1.272340E+00,+18.814E-03,+488.040E-03
-1.267340E+00,+20.020E-03,+0.0E+00
-1.262340E+00,+20.020E-03,+0.0E+00
-1.257340E+00,+18.814E-03,+490.452E-03
-1.252340E+00,+17.206E-03,+5.628E-03
-1.247340E+00,+17.206E-03,+487.236E-03
-1.242340E+00,+18.814E-03,+384.322E-03
-1.237340E+00,+18.814E-03,+0.0E+00
-1.232340E+00,+18.814E-03,+490.452E-03
-1.227340E+00,+18.814E-03,+5.628E-03
-1.222340E+00,+16.000E-03,+0.0E+00
-1.217340E+00,+20.020E-03,+8.040E-03
-1.212340E+00,+18.814E-03,+5.628E-03
-1.207340E+00,+16.000E-03,+496.080E-03
-1.202340E+00,+18.814E-03,+30.553E-03
-1.197340E+00,+20.020E-03,+139.899E-03
-1.192340E+00,+18.814E-03,+490.452E-03
-1.187340E+00,+18.814E-03,+490.452E-03
-1.182340E+00,+16.000E-03,+482.412E-03
-1.177340E+00,+18.814E-03,+496.080E-03
-1.172340E+00,+20.020E-03,+66.734E-03
-1.167340E+00,+20.020E-03,+490.452E-03
-1.162340E+00,+18.814E-03,+496.080E-03
-1.157340E+00,+18.814E-03,+490.452E-03
-1.152340E+00,+17.206E-03,+490.452E-03
-1.147340E+00,+21.226E-03,+0.0E+00
-1.142340E+00,+17.206E-03,+0.0E+00
-1.137340E+00,+18.814E-03,+226.734E-03
-1.132340E+00,+16.000E-03,-4.824E-03
-1.127340E+00,+20.020E-03,+492.864E-03
-1.122340E+00,+16.000E-03,+44.221E-03
-1.117340E+00,+16.000E-03,+152.764E-03
-1.112340E+00,+20.020E-03,+496.080E-03
-1.107340E+00,+17.206E-03,+488.040E-03
-1.102340E+00,+18.814E-03,+155.176E-03
-1.097340E+00,-2.492E-03,+459.095E-03
-1.092340E+00,+17.206E-03,+5.628E-03
-1.087340E+00,+20.020E-03,+496.080E-03
-1.082340E+00,+18.814E-03,+490.452E-03
-1.077340E+00,+20.020E-03,+496.080E-03
-1.072340E+00,+16.000E-03,+0.0E+00
-1.067340E+00,+20.020E-03,+0.0E+00
-1.062340E+00,+17.206E-03,+487.236E-03
-1.057340E+00,+33.286E-03,+26.533E-03
-1.052340E+00,+16.000E-03,+482.412E-03
-1.047340E+00,+18.814E-03,+492.864E-03
-1.042340E+00,+20.020E-03,+492.864E-03
-1.037340E+00,+20.020E-03,+488.040E-03
-1.032340E+00,+20.020E-03,+490.452E-03
-1.027340E+00,+16.000E-03,+0.0E+00
-1.022340E+00,+20.020E-03,+488.040E-03
-1.017340E+00,+18.814E-03,+490.452E-03
-1.012340E+00,+17.206E-03,+490.452E-03
-1.007340E+00,+16.000E-03,+490.452E-03
-1.002340E+00,+20.020E-03,+42.613E-03
-997.340E-03,+16.000E-03,+490.452E-03
-992.340E-03,+17.206E-03,+8.040E-03
-987.340E-03,+17.206E-03,+2.412E-03
-982.340E-03,+17.206E-03,+488.040E-03
-977.340E-03,+18.814E-03,+471.156E-03
-972.340E-03,+18.814E-03,+484.824E-03
-967.340E-03,+18.814E-03,+490.452E-03
-962.340E-03,+21.226E-03,+2.412E-03
-957.340E-03,+20.020E-03,+482.412E-03
-952.340E-03,+18.814E-03,+496.080E-03
-947.340E-03,+20.020E-03,+0.0E+00
-942.340E-03,+18.814E-03,+484.824E-03
-937.340E-03,+20.020E-03,+448.643E-03
-932.340E-03,+20.020E-03,+0.0E+00
-927.340E-03,+16.000E-03,+225.126E-03
-922.340E-03,+20.020E-03,+490.452E-03
-917.340E-03,+16.000E-03,+490.452E-03
-912.340E-03,+16.000E-03,+41.005E-03
-907.340E-03,+16.000E-03,+343.317E-03
-902.340E-03,+18.814E-03,+490.452E-03
-897.340E-03,+20.020E-03,+5.628E-03
-892.340E-03,+16.000E-03,+484.824E-03
-887.340E-03,+20.020E-03,+490.452E-03
-882.340E-03,+16.000E-03,+2.412E-03
-877.340E-03,+18.814E-03,+490.452E-03
-872.340E-03,+17.206E-03,+484.824E-03
-867.340E-03,+17.206E-03,+8.040E-03
-862.340E-03,+17.206E-03,+442.211E-03
-857.340E-03,+17.206E-03,+496.080E-03
-852.340E-03,+20.020E-03,+490.452E-03
-847.340E-03,+17.206E-03,+0.0E+00
-842.340E-03,+20.020E-03,+488.040E-03
-837.340E-03,+20.020E-03,+490.452E-03
-832.340E-03,+18.814E-03,+8.040E-03
-827.340E-03,+20.020E-03,+145.528E-03
-822.340E-03,+20.020E-03,+492.864E-03
-817.340E-03,+39.719E-03,+0.0E+00
-812.340E-03,+20.020E-03,+473.568E-03
-807.340E-03,+17.206E-03,+490.452E-03
-802.340E-03,+20.020E-03,+0.0E+00
-797.340E-03,+17.206E-03,+5.628E-03
-792.340E-03,+20.020E-03,+484.824E-03
-787.340E-03,+20.020E-03,+498.492E-03
-782.340E-03,+18.814E-03,+430.151E-03
-777.340E-03,+17.206E-03,+488.040E-03
-772.340E-03,+17.206E-03,+139.899E-03
-767.340E-03,+20.020E-03,+427.739E-03
-762.340E-03,+18.814E-03,+20.101E-03
-757.340E-03,+18.814E-03,+490.452E-03
-752.340E-03,+18.814E-03,+8.040E-03
-747.340E-03,+18.814E-03,+5.628E-03
-742.340E-03,+20.020E-03,+490.452E-03
-737.340E-03,+20.020E-03,+0.0E+00
-732.340E-03,+18.814E-03,+496.080E-03
-727.340E-03,+16.000E-03,+490.452E-03
-722.340E-03,+17.206E-03,+135.075E-03
-717.340E-03,+18.814E-03,+313.568E-03
-712.340E-03,+20.020E-03,+496.080E-03
-707.340E-03,+16.000E-03,+490.452E-03
-702.340E-03,+20.020E-03,+490.452E-03
-697.340E-03,+20.020E-03,+490.452E-03
-692.340E-03,+17.206E-03,+482.412E-03
-687.340E-03,+17.206E-03,+490.452E-03
-682.340E-03,+17.206E-03,+490.452E-03
-677.340E-03,+18.412E-03,+484.824E-03
-672.340E-03,+17.206E-03,+490.452E-03
-667.340E-03,+16.000E-03,+0.0E+00
-662.340E-03,+20.020E-03,+479.196E-03
-657.340E-03,+18.814E-03,+30.553E-03
-652.340E-03,+17.206E-03,+490.452E-03
-647.340E-03,+17.206E-03,+488.040E-03
-642.340E-03,+16.000E-03,+21.709E-03
-637.340E-03,+20.020E-03,+490.452E-03
-632.340E-03,+16.000E-03,+484.824E-03
-627.340E-03,+18.814E-03,-2.412E-03
-622.340E-03,+20.020E-03,+343.317E-03
-617.340E-03,+17.206E-03,+490.452E-03
-612.340E-03,+17.206E-03,+13.668E-03
-607.340E-03,+18.814E-03,+147.136E-03
-602.340E-03,+20.020E-03,+490.452E-03
-597.340E-03,+16.000E-03,+0.0E+00
-592.340E-03,+16.000E-03,+488.040E-03
-587.340E-03,+20.020E-03,+360.201E-03
-582.340E-03,+20.020E-03,+0.0E+00
-577.340E-03,+20.020E-03,+482.412E-03
-572.340E-03,+17.206E-03,+490.452E-03
-567.340E-03,+18.814E-03,+140.704E-03
-562.340E-03,+17.206E-03,+488.040E-03
-557.340E-03,+20.020E-03,+490.452E-03
-552.340E-03,+17.206E-03,+473.568E-03
-547.340E-03,+20.020E-03,+488.040E-03
-542.340E-03,+16.000E-03,+254.874E-03
-537.340E-03,+20.020E-03,+147.136E-03
-532.340E-03,+17.206E-03,+418.090E-03
-527.340E-03,+16.000E-03,+19.296E-03
-522.340E-03,+34.492E-03,+142.312E-03
-517.340E-03,+16.000E-03,+74.774E-03
-512.340E-03,+20.020E-03,+490.452E-03
-507.340E-03,+16.000E-03,+249.246E-03
-502.340E-03,+17.206E-03,+490.452E-03
-497.340E-03,+20.020E-03,+11.256E-03
-492.340E-03,+20.020E-03,+5.628E-03
-487.340E-03,+20.020E-03,+144.724E-03
-482.340E-03,+20.020E-03,+490.452E-03
-477.340E-03,+20.020E-03,+490.452E-03
-472.340E-03,+18.814E-03,+19.296E-03
-467.340E-03,+18.814E-03,+11.256E-03
-462.340E-03,+17.206E-03,+488.040E-03
-457.340E-03,+20.020E-03,+5.628E-03
-452.340E-03,+20.020E-03,-10.452E-03
-447.340E-03,+20.020E-03,+490.452E-03
-442.340E-03,+16.000E-03,+482.412E-03
-437.340E-03,+17.206E-03,+16.080E-03
-432.340E-03,+17.206E-03,+490.452E-03
-427.340E-03,+18.814E-03,+490.452E-03
-422.340E-03,+20.020E-03,+490.452E-03
-417.340E-03,+16.000E-03,+490.452E-03
-412.340E-03,+18.814E-03,+490.452E-03
-407.340E-03,+20.020E-03,-8.040E-03
-402.340E-03,+17.206E-03,+488.040E-03
-397.340E-03,+20.020E-03,+0.0E+00
-392.340E-03,+18.814E-03,+304.724E-03
-387.340E-03,+17.206E-03,+492.864E-03
-382.340E-03,+18.814E-03,+490.452E-03
-377.340E-03,+17.206E-03,+376.281E-03
-372.340E-03,+17.206E-03,+484.824E-03
-367.340E-03,+20.020E-03,+2.412E-03
-362.340E-03,+16.000E-03,+492.864E-03
-357.340E-03,+21.628E-03,+0.0E+00
-352.340E-03,+18.814E-03,+490.452E-03
-347.340E-03,+17.206E-03,+106.935E-03
-342.340E-03,+17.206E-03,+490.452E-03
-337.340E-03,+18.814E-03,+492.864E-03
-332.340E-03,+16.000E-03,+13.668E-03
-327.340E-03,+20.020E-03,+96.482E-03
-322.340E-03,+20.020E-03,+490.452E-03
-317.340E-03,+18.814E-03,+484.824E-03
-312.340E-03,+20.020E-03,+142.312E-03
-307.340E-03,+16.000E-03,+492.864E-03
-302.340E-03,+18.814E-03,+41.809E-03
-297.340E-03,+18.814E-03,+490.452E-03
-292.340E-03,+16.000E-03,+488.040E-03
-287.340E-03,+17.206E-03,+5.628E-03
-282.340E-03,+16.000E-03,-5.628E-03
-277.340E-03,+20.020E-03,+490.452E-03
-272.340E-03,+17.206E-03,+0.0E+00
-267.340E-03,+20.020E-03,+345.729E-03
-262.340E-03,+20.020E-03,+484.824E-03
-257.340E-03,+18.814E-03,+490.452E-03
-252.340E-03,+20.020E-03,+0.0E+00
-247.340E-03,+20.020E-03,+496.080E-03
-242.340E-03,+16.000E-03,+0.0E+00
-237.340E-03,+20.020E-03,-11.256E-03
-232.340E-03,+20.020E-03,+490.452E-03
-227.340E-03,+20.020E-03,+16.080E-03
-222.340E-03,+20.020E-03,+459.899E-03
-217.340E-03,+20.020E-03,+490.452E-03
-212.340E-03,+20.020E-03,+490.452E-03
-207.340E-03,+17.206E-03,+147.136E-03
-202.340E-03,+18.814E-03,+490.452E-03
-197.340E-03,+18.814E-03,+0.0E+00
-192.340E-03,+20.020E-03,+490.452E-03
-187.340E-03,+20.020E-03,+490.452E-03
-182.340E-03,+20.020E-03,+490.452E-03
-177.340E-03,+17.206E-03,+434.975E-03
-172.340E-03,+22.432E-03,+490.452E-03
-167.340E-03,+20.020E-03,+473.568E-03
-162.340E-03,+20.020E-03,+488.040E-03
-157.340E-03,+17.206E-03,+490.452E-03
-152.340E-03,+16.000E-03,+0.0E+00
-147.340E-03,+17.206E-03,+482.412E-03
-142.340E-03,+20.020E-03,+97.286E-03
-137.340E-03,+18.814E-03,+2.412E-03
-132.340E-03,+18.814E-03,+490.452E-03
-127.340E-03,+18.814E-03,+496.080E-03
-122.340E-03,+20.020E-03,+490.452E-03
-117.340E-03,+17.206E-03,+61.106E-03
-112.340E-03,+18.814E-03,+496.080E-03
-107.340E-03,+18.814E-03,+490.452E-03
-102.340E-03,+16.000E-03,+451.859E-03
-97.340E-03,+17.206E-03,+490.452E-03
-92.340E-03,+20.020E-03,+0.0E+00
-87.340E-03,+20.020E-03,+290.251E-03
-82.340E-03,+17.206E-03,+0.0E+00
-77.340E-03,+16.000E-03,+490.452E-03
-72.340E-03,+20.020E-03,+0.0E+00
-67.340E-03,+20.020E-03,+164.020E-03
-62.340E-03,+20.020E-03,+490.452E-03
-57.340E-03,-20.583E-03,+0.0E+00
-52.340E-03,+16.000E-03,+479.196E-03
-47.340E-03,+22.834E-03,+490.452E-03
-42.340E-03,+17.206E-03,+16.080E-03
-37.340E-03,+20.020E-03,+490.452E-03
-32.340E-03,+20.020E-03,+490.452E-03
-27.340E-03,+17.206E-03,+490.452E-03
-22.340E-03,+20.020E-03,+467.940E-03
-17.340E-03,+18.814E-03,+488.040E-03
-12.340E-03,+16.000E-03,+0.0E+00
-7.340E-03,+18.814E-03,+482.412E-03
-2.340E-03,+18.412E-03,+488.040E-03
+2.660E-03,+17.206E-03,+13.668E-03
+7.660E-03,+17.206E-03,+490.452E-03
+12.660E-03,+20.020E-03,+490.452E-03
+17.660E-03,+16.000E-03,+492.864E-03
+22.660E-03,+18.814E-03,+83.618E-03
+27.660E-03,+18.814E-03,+488.040E-03
+32.660E-03,+21.628E-03,+490.452E-03
+37.660E-03,+5.950E-03,+11.256E-03
+42.660E-03,+18.814E-03,-8.040E-03
+47.660E-03,+16.000E-03,+490.452E-03
+52.660E-03,+20.020E-03,+13.668E-03
+57.660E-03,+17.206E-03,+0.0E+00
+62.660E-03,+20.020E-03,+488.040E-03
+67.660E-03,+18.814E-03,+8.040E-03
+72.660E-03,+11.176E-03,+480.000E-03
+77.660E-03,+20.020E-03,+490.452E-03
+82.660E-03,+16.000E-03,+0.0E+00
+87.660E-03,+16.000E-03,+492.864E-03
+92.660E-03,+20.020E-03,+490.452E-03
+97.660E-03,+20.020E-03,+490.452E-03
+102.660E-03,+18.814E-03,+0.0E+00
+107.660E-03,+20.020E-03,+473.568E-03
+112.660E-03,+16.000E-03,+482.412E-03
+117.660E-03,+17.206E-03,+490.452E-03
+122.660E-03,+20.020E-03,+484.824E-03
+127.660E-03,+17.206E-03,+490.452E-03
+132.660E-03,+18.814E-03,+479.196E-03
+137.660E-03,+17.206E-03,+490.452E-03
+142.660E-03,+17.206E-03,+490.452E-03
+147.660E-03,+20.020E-03,+492.864E-03
+152.660E-03,+20.020E-03,+147.136E-03
+157.660E-03,+16.000E-03,+454.271E-03
+162.660E-03,+18.814E-03,+490.452E-03
+167.660E-03,+18.814E-03,+496.080E-03
+172.660E-03,+16.000E-03,+493.668E-03
+177.660E-03,+20.020E-03,+490.452E-03
+182.660E-03,+20.020E-03,+11.256E-03
+187.660E-03,+18.814E-03,+490.452E-03
+192.660E-03,+13.990E-03,+482.412E-03
+197.660E-03,+16.000E-03,+484.824E-03
+202.660E-03,+18.814E-03,+496.080E-03
+207.660E-03,+18.814E-03,+490.452E-03
+212.660E-03,+20.020E-03,+482.412E-03
+217.660E-03,+18.814E-03,+490.452E-03
+222.660E-03,+20.020E-03,+492.864E-03
+227.660E-03,+18.814E-03,+490.452E-03
+232.660E-03,+20.020E-03,+0.0E+00
+237.660E-03,+18.814E-03,+490.452E-03
+242.660E-03,+18.412E-03,+492.864E-03
+247.660E-03,+20.020E-03,+490.452E-03
+252.660E-03,+16.000E-03,+482.412E-03
+257.660E-03,+18.814E-03,+362.613E-03
+262.660E-03,+18.814E-03,+488.040E-03
+267.660E-03,+17.206E-03,+493.668E-03
+272.660E-03,+20.020E-03,+488.040E-03
+277.660E-03,+24.442E-03,+490.452E-03
+282.660E-03,+17.206E-03,+143.116E-03
+287.660E-03,+17.206E-03,+490.452E-03
+292.660E-03,+20.020E-03,+194.573E-03
+297.660E-03,+21.226E-03,+484.824E-03
+302.660E-03,+18.814E-03,+490.452E-03
+307.660E-03,+25.648E-03,+490.452E-03
+312.660E-03,+20.020E-03,+0.0E+00
+317.660E-03,+21.628E-03,+490.452E-03
+322.660E-03,+20.020E-03,+8.040E-03
+327.660E-03,+20.020E-03,+490.452E-03
+332.660E-03,+20.020E-03,+490.452E-03
+337.660E-03,+20.020E-03,+0.0E+00
+342.660E-03,+18.814E-03,+2.412E-03
+347.660E-03,+21.628E-03,+485.628E-03
+352.660E-03,+20.020E-03,+393.970E-03
+357.660E-03,+17.206E-03,+488.844E-03
+362.660E-03,+16.000E-03,+385.930E-03
+367.660E-03,+20.020E-03,+492.864E-03
+372.660E-03,+20.020E-03,+490.452E-03
+377.660E-03,+20.020E-03,+490.452E-03
+382.660E-03,+20.020E-03,+479.196E-03
+387.660E-03,+18.814E-03,+490.452E-03
+392.660E-03,+20.020E-03,+490.452E-03
+397.660E-03,+17.206E-03,+490.452E-03
+402.660E-03,+16.000E-03,+488.040E-03
+407.660E-03,+17.206E-03,-5.628E-03
+412.660E-03,+18.814E-03,+488.040E-03
+417.660E-03,+18.814E-03,+490.452E-03
+422.660E-03,+20.020E-03,+496.080E-03
+427.660E-03,+20.020E-03,+0.0E+00
+432.660E-03,+17.206E-03,+314.372E-03
+437.660E-03,+20.020E-03,+60.302E-03
+442.660E-03,+17.206E-03,+490.452E-03
+447.660E-03,+20.020E-03,+46.633E-03
+452.660E-03,+18.814E-03,+169.648E-03
+457.660E-03,+20.020E-03,+490.452E-03
+462.660E-03,+20.020E-03,+492.864E-03
+467.660E-03,+17.206E-03,+131.859E-03
+472.660E-03,+18.814E-03,+2.412E-03
+477.660E-03,+18.814E-03,+8.040E-03
+482.660E-03,+16.000E-03,+488.040E-03
+487.660E-03,+18.814E-03,+488.040E-03
+492.660E-03,+20.020E-03,+490.452E-03
+497.660E-03,+17.206E-03,+484.824E-03
+502.660E-03,+20.020E-03,+490.452E-03
+507.660E-03,+18.814E-03,+13.668E-03
+512.660E-03,+20.020E-03,+488.040E-03
+517.660E-03,+17.206E-03,+484.824E-03
+522.660E-03,+20.020E-03,+490.452E-03
+527.660E-03,+20.020E-03,+13.668E-03
+532.660E-03,+21.628E-03,+490.452E-03
+537.660E-03,+20.020E-03,+482.412E-03
+542.660E-03,+20.020E-03,+488.040E-03
+547.660E-03,+20.020E-03,+5.628E-03
+552.660E-03,+20.020E-03,+239.598E-03
+557.660E-03,+18.814E-03,+5.628E-03
+562.660E-03,+16.000E-03,+490.452E-03
+567.660E-03,+17.206E-03,+2.412E-03
+572.660E-03,+18.814E-03,+2.412E-03
+577.660E-03,+20.020E-03,+492.864E-03
+582.660E-03,+18.814E-03,+490.452E-03
+587.660E-03,+18.814E-03,+406.030E-03
+592.660E-03,+18.814E-03,+377.889E-03
+597.660E-03,+18.814E-03,+490.452E-03
+602.660E-03,+20.020E-03,+490.452E-03
+607.660E-03,+20.020E-03,+0.0E+00
+612.660E-03,+18.814E-03,+436.583E-03
+617.660E-03,+17.206E-03,+490.452E-03
+622.660E-03,+17.206E-03,+490.452E-03
+627.660E-03,+17.206E-03,+0.0E+00
+632.660E-03,+20.020E-03,+13.668E-03
+637.660E-03,+23.638E-03,+492.864E-03
+642.660E-03,+20.020E-03,+479.196E-03
+647.660E-03,+20.020E-03,+490.452E-03
+652.660E-03,+16.000E-03,-5.628E-03
+657.660E-03,+17.206E-03,+10.452E-03
+662.660E-03,+21.226E-03,+490.452E-03
+667.660E-03,+20.020E-03,+484.824E-03
+672.660E-03,+18.814E-03,+484.824E-03
+677.660E-03,+17.206E-03,+164.020E-03
+682.660E-03,+20.020E-03,+490.452E-03
+687.660E-03,+16.000E-03,+149.548E-03
+692.660E-03,+20.020E-03,+490.452E-03
+697.660E-03,+13.186E-03,+430.955E-03
+702.660E-03,+18.814E-03,+5.628E-03
+707.660E-03,+20.020E-03,+490.452E-03
+712.660E-03,+16.000E-03,-3.216E-03
+717.660E-03,+20.020E-03,+490.452E-03
+722.660E-03,+13.186E-03,+369.045E-03
+727.660E-03,+20.020E-03,+490.452E-03
+732.660E-03,+18.814E-03,+484.824E-03
+737.660E-03,+17.206E-03,+137.487E-03
+742.660E-03,+18.814E-03,+5.628E-03
+747.660E-03,+20.020E-03,+439.799E-03
+752.660E-03,+20.020E-03,+484.824E-03
+757.660E-03,+20.020E-03,+490.452E-03
+762.660E-03,+16.000E-03,+0.0E+00
+767.660E-03,+20.020E-03,+490.452E-03
+772.660E-03,+20.020E-03,+490.452E-03
+777.660E-03,+20.020E-03,+490.452E-03
+782.660E-03,+17.206E-03,+484.824E-03
+787.660E-03,+18.814E-03,+5.628E-03
+792.660E-03,+20.020E-03,+467.940E-03
+797.660E-03,+20.020E-03,+496.080E-03
+802.660E-03,+16.000E-03,-2.412E-03
+807.660E-03,+17.206E-03,+490.452E-03
+812.660E-03,+17.206E-03,+490.452E-03
+817.660E-03,+20.020E-03,+498.492E-03
+822.660E-03,+18.814E-03,+496.080E-03
+827.660E-03,+16.000E-03,+66.734E-03
+832.660E-03,+18.412E-03,+142.312E-03
+837.660E-03,+20.020E-03,+490.452E-03
+842.660E-03,+21.628E-03,+490.452E-03
+847.660E-03,+20.020E-03,+490.452E-03
+852.660E-03,+20.020E-03,+490.452E-03
+857.660E-03,+20.020E-03,+487.236E-03
+862.660E-03,+20.020E-03,+0.0E+00
+867.660E-03,+20.020E-03,+262.915E-03
+872.660E-03,+17.206E-03,+484.824E-03
+877.660E-03,+20.020E-03,+490.452E-03
+882.660E-03,+20.020E-03,+490.452E-03
+887.660E-03,+20.020E-03,+33.769E-03
+892.660E-03,+18.814E-03,+393.970E-03
+897.660E-03,+17.206E-03,+490.452E-03
+902.660E-03,+18.814E-03,+0.0E+00
+907.660E-03,+20.020E-03,+490.452E-03
+912.660E-03,+16.000E-03,+484.824E-03
+917.660E-03,+18.814E-03,+490.452E-03
+922.660E-03,+18.814E-03,+2.412E-03
+927.660E-03,+17.206E-03,+496.080E-03
+932.660E-03,+17.206E-03,+487.236E-03
+937.660E-03,+18.814E-03,+490.452E-03
+942.660E-03,+18.814E-03,-2.412E-03
+947.660E-03,+20.020E-03,+488.040E-03
+952.660E-03,+16.000E-03,+496.080E-03
+957.660E-03,+17.206E-03,+490.452E-03
+962.660E-03,+33.688E-03,+490.452E-03
+967.660E-03,+18.814E-03,+30.553E-03
+972.660E-03,+20.020E-03,+490.452E-03
+977.660E-03,+20.020E-03,+490.452E-03
+982.660E-03,+21.628E-03,+465.528E-03
+987.660E-03,+16.000E-03,+151.960E-03
+992.660E-03,+18.814E-03,+488.040E-03
+997.660E-03,+18.814E-03,+487.236E-03
+1.002660E+00,+18.814E-03,-5.628E-03
+1.007660E+00,+20.020E-03,+420.503E-03
+1.012660E+00,+17.206E-03,+479.196E-03
+1.017660E+00,+17.206E-03,+144.724E-03
+1.022660E+00,+18.814E-03,+0.0E+00
+1.027660E+00,+16.000E-03,+474.372E-03
+1.032660E+00,+20.020E-03,+490.452E-03
+1.037660E+00,+17.206E-03,+490.452E-03
+1.042660E+00,+17.206E-03,+463.116E-03
+1.047660E+00,+17.206E-03,+490.452E-03
+1.052660E+00,+16.000E-03,+488.040E-03
+1.057660E+00,+17.206E-03,+142.312E-03
+1.062660E+00,+16.000E-03,+496.080E-03
+1.067660E+00,+18.814E-03,+11.256E-03
+1.072660E+00,+21.226E-03,+490.452E-03
+1.077660E+00,+16.000E-03,+490.452E-03
+1.082660E+00,+20.020E-03,+496.080E-03
+1.087660E+00,+17.206E-03,+0.0E+00
+1.092660E+00,+18.814E-03,+490.452E-03
+1.097660E+00,+16.000E-03,-6.432E-03
+1.102660E+00,+18.814E-03,+0.0E+00
+1.107660E+00,+17.206E-03,+8.040E-03
+1.112660E+00,+20.020E-03,+498.492E-03
+1.117660E+00,+17.206E-03,+484.824E-03
+1.122660E+00,+18.814E-03,+492.864E-03
+1.127660E+00,+18.814E-03,+0.0E+00
+1.132660E+00,+20.020E-03,+488.040E-03
+1.137660E+00,+20.020E-03,+484.824E-03
+1.142660E+00,+18.814E-03,+490.452E-03
+1.147660E+00,+20.020E-03,+0.0E+00
+1.152660E+00,+17.206E-03,+490.452E-03
+1.157660E+00,+20.020E-03,+408.442E-03
+1.162660E+00,+17.206E-03,+144.724E-03
+1.167660E+00,+20.020E-03,+492.864E-03
+1.172660E+00,+20.020E-03,+143.920E-03
+1.177660E+00,+17.206E-03,+490.452E-03
+1.182660E+00,+16.000E-03,+490.452E-03
+1.187660E+00,+16.000E-03,-2.412E-03
+1.192660E+00,+18.814E-03,+2.412E-03
+1.197660E+00,+16.000E-03,+496.080E-03
+1.202660E+00,+20.020E-03,+490.452E-03
+1.207660E+00,+18.814E-03,+8.040E-03
+1.212660E+00,+16.000E-03,+0.0E+00
+1.217660E+00,+22.834E-03,+5.628E-03
+1.222660E+00,+20.020E-03,+490.452E-03
+1.227660E+00,+20.020E-03,+484.824E-03
+1.232660E+00,+20.020E-03,+339.296E-03
+1.237660E+00,+20.020E-03,+176.080E-03
+1.242660E+00,+18.814E-03,+490.452E-03
+1.247660E+00,+18.814E-03,+479.196E-03
+1.252660E+00,+17.206E-03,+0.0E+00
+1.257660E+00,+20.020E-03,+490.452E-03
+1.262660E+00,+21.628E-03,+493.668E-03
+1.267660E+00,+20.020E-03,-5.628E-03
+1.272660E+00,+20.020E-03,+490.452E-03
+1.277660E+00,+20.020E-03,+418.090E-03
+1.282660E+00,+18.814E-03,+496.080E-03
+1.287660E+00,+17.206E-03,+0.0E+00
+1.292660E+00,+20.020E-03,+490.452E-03
+1.297660E+00,+20.020E-03,+11.256E-03
+1.302660E+00,+16.000E-03,+490.452E-03
+1.307660E+00,+18.814E-03,+488.040E-03
+1.312660E+00,+20.020E-03,+490.452E-03
+1.317660E+00,+20.020E-03,+490.452E-03
+1.322660E+00,+20.020E-03,+300.704E-03
+1.327660E+00,+16.000E-03,+490.452E-03
+1.332660E+00,+18.814E-03,+496.080E-03
+1.337660E+00,+17.206E-03,+484.824E-03
+1.342660E+00,+25.648E-03,+19.296E-03
+1.347660E+00,+18.814E-03,+490.452E-03
+1.352660E+00,+17.206E-03,+155.980E-03
+1.357660E+00,+17.206E-03,+123.819E-03
+1.362660E+00,+16.000E-03,+5.628E-03
+1.367660E+00,+16.000E-03,+488.040E-03
+1.372660E+00,+18.814E-03,+462.312E-03
+1.377660E+00,+20.020E-03,+492.864E-03
+1.382660E+00,+18.814E-03,+0.0E+00
+1.387660E+00,+20.020E-03,+482.412E-03
+1.392660E+00,+20.020E-03,+488.040E-03
+1.397660E+00,+18.814E-03,+490.452E-03
+1.402660E+00,+18.814E-03,+11.256E-03
+1.407660E+00,+20.020E-03,+91.658E-03
+1.412660E+00,+21.226E-03,+152.764E-03
+1.417660E+00,+18.814E-03,+0.0E+00
+1.422660E+00,+17.206E-03,+76.382E-03
+1.427660E+00,+17.206E-03,+492.864E-03
+1.432660E+00,+18.814E-03,+490.452E-03
+1.437660E+00,+18.814E-03,-5.628E-03
+1.442660E+00,+20.020E-03,+30.553E-03
+1.447660E+00,+18.814E-03,+496.080E-03
+1.452660E+00,+14.794E-03,+490.452E-03
+1.457660E+00,+16.000E-03,+144.724E-03
+1.462660E+00,+16.000E-03,+0.0E+00
+1.467660E+00,+17.206E-03,+255.678E-03
+1.472660E+00,+20.020E-03,+488.040E-03
+1.477660E+00,+18.814E-03,+144.724E-03
+1.482660E+00,+17.206E-03,+0.0E+00
+1.487660E+00,+18.814E-03,+410.854E-03
+1.492660E+00,+16.000E-03,+490.452E-03
+1.497660E+00,+20.020E-03,+196.985E-03
+1.502660E+00,+18.814E-03,+2.412E-03
+1.507660E+00,+20.020E-03,+490.452E-03
+1.512660E+00,+20.020E-03,+490.452E-03
+1.517660E+00,+20.020E-03,+496.080E-03
+1.522660E+00,+21.628E-03,-5.628E-03
+1.527660E+00,+20.020E-03,+484.824E-03
+1.532660E+00,+18.814E-03,+490.452E-03
+1.537660E+00,+18.814E-03,+488.040E-03
+1.542660E+00,+16.000E-03,+65.126E-03
+1.547660E+00,+20.020E-03,+468.744E-03
+1.552660E+00,+20.020E-03,+377.085E-03
+1.557660E+00,+16.000E-03,+490.452E-03
+1.562660E+00,+20.020E-03,+479.196E-03
+1.567660E+00,+20.020E-03,+5.628E-03
+1.572660E+00,+16.000E-03,+2.412E-03
+1.577660E+00,+20.020E-03,+490.452E-03
+1.582660E+00,+17.206E-03,+488.040E-03
+1.587660E+00,+17.206E-03,+8.040E-03
+1.592660E+00,-3.698E-03,+473.568E-03
+1.597660E+00,+18.814E-03,+237.186E-03
+1.602660E+00,+20.020E-03,+488.040E-03
+1.607660E+00,+18.814E-03,+5.628E-03
+1.612660E+00,+20.020E-03,+447.839E-03
+1.617660E+00,+16.000E-03,+482.412E-03
+1.622660E+00,+16.000E-03,+482.412E-03
+1.627660E+00,+18.814E-03,+490.452E-03
+1.632660E+00,+20.020E-03,+490.452E-03
+1.637660E+00,+20.020E-03,+488.040E-03
+1.642660E+00,+20.020E-03,+150.352E-03
+1.647660E+00,+20.020E-03,+10.452E-03
+1.652660E+00,+20.020E-03,+490.452E-03
+1.657660E+00,+17.206E-03,+488.040E-03
+1.662660E+00,+18.814E-03,+470.352E-03
+1.667660E+00,+17.206E-03,+2.412E-03
+1.672660E+00,+22.834E-03,+484.824E-03
+1.677660E+00,+20.020E-03,+488.040E-03
+1.682660E+00,+20.020E-03,+343.317E-03
+1.687660E+00,+17.206E-03,+0.0E+00
+1.692660E+00,+16.000E-03,+490.452E-03
+1.697660E+00,+20.020E-03,+492.864E-03
+1.702660E+00,+18.814E-03,+483.216E-03
+1.707660E+00,+17.206E-03,+462.312E-03
+1.712660E+00,+18.814E-03,+2.412E-03
+1.717660E+00,+17.206E-03,+233.970E-03
+1.722660E+00,+20.020E-03,+16.884E-03
+1.727660E+00,+18.814E-03,+0.0E+00
+1.732660E+00,+5.950E-03,+5.628E-03
+1.737660E+00,+18.814E-03,+490.452E-03
+1.742660E+00,+17.206E-03,+351.357E-03
+1.747660E+00,+20.020E-03,+0.0E+00
+1.752660E+00,+14.794E-03,+8.040E-03
+1.757660E+00,+26.050E-03,+495.276E-03
+1.762660E+00,+16.000E-03,+350.553E-03
+1.767660E+00,+17.206E-03,+2.412E-03
+1.772660E+00,+18.814E-03,+0.0E+00
+1.777660E+00,+17.206E-03,+490.452E-03
+1.782660E+00,+18.814E-03,+496.080E-03
+1.787660E+00,+20.020E-03,+490.452E-03
+1.792660E+00,+17.206E-03,+0.0E+00
+1.797660E+00,+17.206E-03,+492.864E-03
+1.802660E+00,+20.020E-03,+490.452E-03
+1.807660E+00,+17.206E-03,+0.0E+00
+1.812660E+00,+18.814E-03,+418.090E-03
+1.817660E+00,+18.814E-03,+484.824E-03
+1.822660E+00,+20.020E-03,+490.452E-03
+1.827660E+00,+17.206E-03,+0.0E+00
+1.832660E+00,+20.020E-03,+490.452E-03
+1.837660E+00,+16.000E-03,+490.452E-03
+1.842660E+00,+20.020E-03,+492.864E-03
+1.847660E+00,+20.020E-03,+490.452E-03
+1.852660E+00,+16.000E-03,+183.317E-03
+1.857660E+00,+16.000E-03,+488.040E-03
+1.862660E+00,+17.206E-03,+490.452E-03
+1.867660E+00,+18.814E-03,+0.0E+00
+1.872660E+00,+17.206E-03,+490.452E-03
+1.877660E+00,+20.020E-03,+484.824E-03
+1.882660E+00,+17.206E-03,+0.0E+00
+1.887660E+00,+18.814E-03,+496.080E-03
+1.892660E+00,+17.206E-03,+405.226E-03
+1.897660E+00,+18.814E-03,+490.452E-03
+1.902660E+00,+20.020E-03,+490.452E-03
+1.907660E+00,+14.392E-03,+490.452E-03
+1.912660E+00,+20.020E-03,+24.925E-03
+1.917660E+00,+16.000E-03,+488.040E-03
+1.922660E+00,+20.020E-03,+496.080E-03
+1.927660E+00,+20.020E-03,+432.563E-03
+1.932660E+00,+17.206E-03,+490.452E-03
+1.937660E+00,+17.206E-03,+149.548E-03
+1.942660E+00,+20.020E-03,+437.387E-03
+1.947660E+00,+20.020E-03,+490.452E-03
+1.952660E+00,+16.000E-03,+101.307E-03
+1.957660E+00,+20.020E-03,+345.729E-03
+1.962660E+00,+20.020E-03,+94.070E-03
+1.967660E+00,+16.000E-03,+0.0E+00
+1.972660E+00,+17.206E-03,+490.452E-03
+1.977660E+00,+20.020E-03,+496.080E-03
+1.982660E+00,+20.824E-03,+490.452E-03
+1.987660E+00,+20.020E-03,+21.709E-03
+1.992660E+00,+20.020E-03,+490.452E-03
+1.997660E+00,+20.020E-03,+490.452E-03
+2.002660E+00,+16.000E-03,+5.628E-03
+2.007660E+00,+20.020E-03,+418.090E-03
+2.012660E+00,+20.020E-03,+484.824E-03
+2.017660E+00,+20.020E-03,+490.452E-03
+2.022660E+00,+20.020E-03,+0.0E+00
+2.027660E+00,+18.814E-03,+36.181E-03
+2.032660E+00,+20.020E-03,+484.824E-03
+2.037660E+00,+17.206E-03,+493.668E-03
+2.042660E+00,+18.814E-03,+0.0E+00
+2.047660E+00,+20.020E-03,+57.889E-03
+2.052660E+00,+17.206E-03,+490.452E-03
+2.057660E+00,+31.276E-03,+490.452E-03
+2.062660E+00,+17.206E-03,+5.628E-03
+2.067660E+00,+21.628E-03,+8.040E-03
+2.072660E+00,+16.000E-03,+484.824E-03
+2.077660E+00,+17.206E-03,+484.824E-03
+2.082660E+00,+20.020E-03,+176.884E-03
+2.087660E+00,+17.206E-03,+123.015E-03
+2.092660E+00,+42.533E-03,+501.709E-03
+2.097660E+00,+20.020E-03,+490.452E-03
+2.102660E+00,+20.020E-03,+0.0E+00
+2.107660E+00,+20.020E-03,+490.452E-03
+2.112660E+00,+17.206E-03,+484.824E-03
+2.117660E+00,+20.020E-03,+496.080E-03
+2.122660E+00,+18.814E-03,+0.0E+00
+2.127660E+00,+20.020E-03,+490.452E-03
+2.132660E+00,+18.814E-03,+482.412E-03
+2.137660E+00,+20.020E-03,+0.0E+00
+2.142660E+00,+20.020E-03,+498.492E-03
+2.147660E+00,+17.206E-03,+490.452E-03
+2.152660E+00,+21.628E-03,+490.452E-03
+2.157660E+00,+20.020E-03,+496.080E-03
+2.162660E+00,+20.020E-03,+0.0E+00
+2.167660E+00,+20.020E-03,+5.628E-03
+2.172660E+00,+17.206E-03,+471.156E-03
+2.177660E+00,+20.020E-03,-2.412E-03
+2.182660E+00,+20.020E-03,+36.181E-03
+2.187660E+00,+13.990E-03,+488.040E-03
+2.192660E+00,+17.206E-03,+5.628E-03
+2.197660E+00,+20.020E-03,+476.784E-03
+2.202660E+00,+16.000E-03,+5.628E-03
+2.207660E+00,+16.000E-03,+490.452E-03
+2.212660E+00,+17.206E-03,+490.452E-03
+2.217660E+00,+17.206E-03,+490.452E-03
+2.222660E+00,+17.206E-03,+65.930E-03
+2.227660E+00,+16.000E-03,+492.864E-03
+2.232660E+00,+18.814E-03,+484.824E-03
+2.237660E+00,+20.020E-03,+465.528E-03
+2.242660E+00,+18.814E-03,+498.492E-03
+2.247660E+00,+20.020E-03,+488.040E-03
+2.252660E+00,+20.020E-03,+490.452E-03
+2.257660E+00,+17.206E-03,-5.628E-03
+2.262660E+00,+17.206E-03,+5.628E-03
+2.267660E+00,+18.814E-03,+490.452E-03
+2.272660E+00,+20.020E-03,+2.412E-03
+2.277660E+00,+18.814E-03,+0.0E+00
+2.282660E+00,+18.814E-03,+420.503E-03
+2.287660E+00,+20.020E-03,+147.136E-03
+2.292660E+00,+18.814E-03,+0.0E+00
+2.297660E+00,+17.206E-03,+484.824E-03
+2.302660E+00,+17.206E-03,+490.452E-03
+2.307660E+00,+18.814E-03,+334.472E-03
+2.312660E+00,+16.000E-03,+490.452E-03
+2.317660E+00,+17.206E-03,+2.412E-03
+2.322660E+00,+20.020E-03,+490.452E-03
+2.327660E+00,+20.020E-03,+343.317E-03
+2.332660E+00,+18.814E-03,+0.0E+00
+2.337660E+00,+20.020E-03,+13.668E-03
+2.342660E+00,+20.020E-03,+490.452E-03
+2.347660E+00,+18.814E-03,+357.789E-03
+2.352660E+00,+24.442E-03,+0.0E+00
+2.357660E+00,+20.020E-03,+490.452E-03
+2.362660E+00,+20.020E-03,+490.452E-03
+2.367660E+00,+17.206E-03,+490.452E-03
+2.372660E+00,+18.814E-03,+484.824E-03
+2.377660E+00,+20.020E-03,+305.528E-03
+2.382660E+00,+20.020E-03,+490.452E-03
+2.387660E+00,+22.834E-03,+498.492E-03
+2.392660E+00,+18.814E-03,+2.412E-03
+2.397660E+00,+17.206E-03,+2.412E-03
+2.402660E+00,+17.206E-03,+490.452E-03
+2.407660E+00,+20.020E-03,+490.452E-03
+2.412660E+00,+20.020E-03,+5.628E-03
+2.417660E+00,+17.206E-03,+65.126E-03
+2.422660E+00,+17.206E-03,+484.824E-03
+2.427660E+00,+20.020E-03,+490.452E-03
+2.432660E+00,+20.020E-03,+2.412E-03
+2.437660E+00,+17.206E-03,+490.452E-03
+2.442660E+00,+20.020E-03,+488.040E-03
+2.447660E+00,+20.020E-03,+5.628E-03
+2.452660E+00,+17.206E-03,+490.452E-03
+2.457660E+00,+17.206E-03,+488.040E-03
+2.462660E+00,+18.814E-03,+488.040E-03
+2.467660E+00,+20.020E-03,+492.864E-03
+2.472660E+00,+20.020E-03,+144.724E-03
+2.477660E+00,+20.020E-03,+237.186E-03
+2.482660E+00,+20.020E-03,+488.040E-03
+2.487660E+00,+20.020E-03,+2.412E-03
+2.492660E+00,+16.000E-03,+276.583E-03
+2.497660E+00,+18.814E-03,+496.080E-03
+2.502660E+00,+16.000E-03,+149.548E-03
+2.507660E+00,+21.628E-03,+0.0E+00
+2.512660E+00,+17.206E-03,+144.724E-03
+2.517660E+00,+17.206E-03,+490.452E-03
+2.522660E+00,+20.020E-03,+142.312E-03
+2.527660E+00,+17.206E-03,+463.116E-03
+2.532660E+00,+20.020E-03,+2.412E-03
+2.537660E+00,+18.814E-03,+490.452E-03
+2.542660E+00,+18.814E-03,+352.965E-03
+2.547660E+00,+18.814E-03,+11.256E-03
+2.552660E+00,+25.246E-03,+0.0E+00
+2.557660E+00,+18.814E-03,+490.452E-03
+2.562660E+00,+17.206E-03,+158.392E-03
+2.567660E+00,+20.020E-03,+337.688E-03
+2.572660E+00,+17.206E-03,+2.412E-03
+2.577660E+00,+20.020E-03,+490.452E-03
+2.582660E+00,+20.020E-03,+484.824E-03
+2.587660E+00,+17.206E-03,+490.452E-03
+2.592660E+00,+16.000E-03,-2.412E-03
+2.597660E+00,+16.000E-03,+490.452E-03
+2.602660E+00,+18.814E-03,+501.709E-03
+2.607660E+00,+20.020E-03,+0.0E+00
+2.612660E+00,+17.206E-03,+492.864E-03
+2.617660E+00,+20.020E-03,+498.492E-03
+2.622660E+00,+17.206E-03,+0.0E+00
+2.627660E+00,+17.206E-03,-2.412E-03
+2.632660E+00,+18.814E-03,+5.628E-03
+2.637660E+00,+16.000E-03,+490.452E-03
+2.642660E+00,+17.206E-03,+2.412E-03
+2.647660E+00,+18.814E-03,+492.864E-03
+2.652660E+00,+20.020E-03,+490.452E-03
+2.657660E+00,+17.206E-03,+490.452E-03
+2.662660E+00,+18.814E-03,+490.452E-03
+2.667660E+00,+20.020E-03,+2.412E-03
+2.672660E+00,+18.412E-03,+347.337E-03
+2.677660E+00,+20.020E-03,+484.824E-03
+2.682660E+00,+20.020E-03,+5.628E-03
+2.687660E+00,+30.874E-03,+2.412E-03
+2.692660E+00,+16.000E-03,+355.377E-03
+2.697660E+00,+18.814E-03,+482.412E-03
+2.702660E+00,+17.206E-03,+8.040E-03
+2.707660E+00,+16.000E-03,+8.040E-03
+2.712660E+00,+17.206E-03,+490.452E-03
+2.717660E+00,+18.814E-03,+147.136E-03
+2.722660E+00,+21.628E-03,+490.452E-03
+2.727660E+00,+17.206E-03,+143.116E-03
+2.732660E+00,+20.020E-03,+488.040E-03
+2.737660E+00,+18.814E-03,+139.899E-03
+2.742660E+00,+17.206E-03,-5.628E-03
+2.747660E+00,+20.020E-03,+8.040E-03
+2.752660E+00,+20.020E-03,+100.503E-03
+2.757660E+00,+20.020E-03,+480.804E-03
+2.762660E+00,+17.206E-03,+0.0E+00
+2.767660E+00,+18.814E-03,+0.0E+00
+2.772660E+00,+18.814E-03,+492.864E-03
+2.777660E+00,+17.206E-03,+343.317E-03
+2.782660E+00,+20.020E-03,+0.0E+00
+2.787660E+00,+18.814E-03,+462.312E-03
+2.792660E+00,+18.814E-03,+496.080E-03
+2.797660E+00,+20.020E-03,+492.864E-03
+2.802660E+00,+18.814E-03,+0.0E+00
+2.807660E+00,+20.020E-03,+89.246E-03
+2.812660E+00,+17.206E-03,+496.080E-03
+2.817660E+00,+18.814E-03,+490.452E-03
+2.822660E+00,+20.020E-03,+5.628E-03
+2.827660E+00,+20.020E-03,+467.940E-03
+2.832660E+00,+18.814E-03,+410.854E-03
+2.837660E+00,+17.206E-03,+490.452E-03
+2.842660E+00,+20.020E-03,+142.312E-03
+2.847660E+00,+17.206E-03,+292.663E-03
+2.852660E+00,+18.814E-03,+493.668E-03
+2.857660E+00,+18.814E-03,+142.312E-03
+2.862660E+00,+20.020E-03,+18.492E-03
+2.867660E+00,+17.206E-03,+194.573E-03
+2.872660E+00,+20.020E-03,+432.563E-03
+2.877660E+00,+29.668E-03,+490.452E-03
+2.882660E+00,+20.020E-03,+5.628E-03
+2.887660E+00,+17.206E-03,+5.628E-03
+2.892660E+00,+17.206E-03,+492.864E-03
+2.897660E+00,+20.020E-03,+0.0E+00
+2.902660E+00,+16.000E-03,+56.281E-03
+2.907660E+00,+17.206E-03,+490.452E-03
+2.912660E+00,+17.206E-03,+498.492E-03
+2.917660E+00,+18.814E-03,+490.452E-03
+2.922660E+00,+18.814E-03,+8.040E-03
+2.927660E+00,+16.000E-03,+8.040E-03
+2.932660E+00,+17.206E-03,+488.040E-03
+2.937660E+00,+16.000E-03,+490.452E-03
+2.942660E+00,+20.020E-03,+0.0E+00
+2.947660E+00,+17.206E-03,+496.080E-03
+2.952660E+00,+17.206E-03,+490.452E-03
+2.957660E+00,+16.000E-03,+3.216E-03
+2.962660E+00,+18.814E-03,+462.312E-03
+2.967660E+00,+17.206E-03,+24.925E-03
+2.972660E+00,+20.020E-03,+484.824E-03
+2.977660E+00,+20.020E-03,+492.864E-03
+2.982660E+00,+20.020E-03,+0.0E+00
+2.987660E+00,+16.000E-03,+16.884E-03
+2.992660E+00,+17.206E-03,+490.452E-03
+2.997660E+00,+18.814E-03,+5.628E-03
+3.002660E+00,+18.814E-03,+492.864E-03
+3.007660E+00,+20.020E-03,+153.568E-03
+3.012660E+00,+17.206E-03,+490.452E-03
+3.017660E+00,+18.814E-03,+492.864E-03
+3.022660E+00,+18.412E-03,+21.709E-03
+3.027660E+00,+20.020E-03,+0.0E+00
+3.032660E+00,+18.814E-03,+490.452E-03
+3.037660E+00,+21.628E-03,+492.864E-03
+3.042660E+00,+18.814E-03,+464.724E-03
+3.047660E+00,+18.814E-03,+0.0E+00
+3.052660E+00,+20.020E-03,+393.970E-03
+3.057660E+00,+20.020E-03,+144.724E-03
+3.062660E+00,+20.020E-03,+490.452E-03
+3.067660E+00,+17.206E-03,+11.256E-03
+3.072660E+00,+17.206E-03,+490.452E-03
+3.077660E+00,+17.206E-03,+142.312E-03
+3.082660E+00,+18.814E-03,+0.0E+00
+3.087660E+00,+20.020E-03,+125.427E-03
+3.092660E+00,+20.020E-03,+490.452E-03
+3.097660E+00,+20.020E-03,+22.513E-03
+3.102660E+00,+18.814E-03,+185.729E-03
+3.107660E+00,+16.000E-03,+10.452E-03
+3.112660E+00,+20.020E-03,+77.990E-03
+3.117660E+00,+18.814E-03,+348.141E-03
+3.122660E+00,+17.206E-03,+0.0E+00
+3.127660E+00,+20.020E-03,+27.337E-03
+3.132660E+00,+16.000E-03,+490.452E-03
+3.137660E+00,+17.206E-03,+496.080E-03
+3.142660E+00,+20.020E-03,+438.191E-03
+3.147660E+00,+16.000E-03,+5.628E-03
+3.152660E+00,+17.206E-03,+490.452E-03
+3.157660E+00,+20.020E-03,+492.864E-03
+3.162660E+00,+17.206E-03,+0.0E+00
+3.167660E+00,+18.814E-03,+10.452E-03
+3.172660E+00,+20.020E-03,+488.040E-03
+3.177660E+00,+17.206E-03,+147.136E-03
+3.182660E+00,+17.206E-03,+490.452E-03
+3.187660E+00,+20.020E-03,-5.628E-03
+3.192660E+00,+18.814E-03,+490.452E-03
+3.197660E+00,+20.020E-03,+150.352E-03
+3.202660E+00,+20.020E-03,+492.864E-03
+3.207660E+00,+20.020E-03,-2.412E-03
+3.212660E+00,+20.020E-03,+498.492E-03
+3.217660E+00,+20.020E-03,+490.452E-03
+3.222660E+00,+20.020E-03,+0.0E+00
+3.227660E+00,+18.814E-03,+8.040E-03
+3.232660E+00,+17.206E-03,+490.452E-03
+3.237660E+00,+17.206E-03,+490.452E-03
+3.242660E+00,+20.020E-03,+490.452E-03
+3.247660E+00,+18.814E-03,+8.040E-03
+3.252660E+00,+20.020E-03,+5.628E-03
+3.257660E+00,+20.020E-03,+475.980E-03
+3.262660E+00,+20.020E-03,-2.412E-03
+3.267660E+00,+17.206E-03,+8.040E-03
+3.272660E+00,+20.020E-03,+490.452E-03
+3.277660E+00,+20.020E-03,+137.487E-03
+3.282660E+00,+19.618E-03,+487.236E-03
+3.287660E+00,+16.000E-03,+0.0E+00
+3.292660E+00,+20.020E-03,+484.824E-03
+3.297660E+00,+16.000E-03,+145.528E-03
+3.302660E+00,+20.020E-03,-2.412E-03
+3.307660E+00,+18.814E-03,+27.337E-03
+3.312660E+00,+20.020E-03,+490.452E-03
+3.317660E+00,+20.020E-03,+0.0E+00
+3.322660E+00,+18.814E-03,+468.744E-03
+3.327660E+00,+20.020E-03,-5.628E-03
+3.332660E+00,+21.628E-03,+490.452E-03
+3.337660E+00,+16.000E-03,+358.593E-03
+3.342660E+00,+20.020E-03,-5.628E-03
+3.347660E+00,+17.206E-03,+484.824E-03
+3.352660E+00,+16.000E-03,+490.452E-03
+3.357660E+00,+20.020E-03,-4.824E-03
+3.362660E+00,+20.020E-03,+490.452E-03
+3.367660E+00,+20.020E-03,+496.080E-03
+3.372660E+00,+20.020E-03,+490.452E-03
+3.377660E+00,+20.020E-03,+490.452E-03
+3.382660E+00,+17.206E-03,+490.452E-03
+3.387660E+00,+20.020E-03,+437.387E-03
+3.392660E+00,+20.020E-03,+490.452E-03
+3.397660E+00,+20.020E-03,+490.452E-03
+3.402660E+00,+16.000E-03,+490.452E-03
+3.407660E+00,+17.206E-03,+24.925E-03
+3.412660E+00,+16.000E-03,+490.452E-03
+3.417660E+00,+20.020E-03,+496.080E-03
+3.422660E+00,+17.206E-03,+496.080E-03
+3.427660E+00,+17.206E-03,+53.065E-03
+3.432660E+00,+18.814E-03,+490.452E-03
+3.437660E+00,+20.020E-03,+496.080E-03
+3.442660E+00,+17.206E-03,+496.080E-03
+3.447660E+00,+17.206E-03,+226.734E-03
+3.452660E+00,+20.020E-03,+482.412E-03
+3.457660E+00,+20.020E-03,+490.452E-03
+3.462660E+00,+16.000E-03,+496.080E-03
+3.467660E+00,+17.206E-03,+484.824E-03
+3.472660E+00,+16.000E-03,+488.040E-03
+3.477660E+00,+14.794E-03,+490.452E-03
+3.482660E+00,+17.206E-03,+490.452E-03
+3.487660E+00,+20.020E-03,+490.452E-03
+3.492660E+00,+16.000E-03,+490.452E-03
+3.497660E+00,+13.186E-03,+490.452E-03
+3.502660E+00,+20.020E-03,+484.824E-03
+3.507660E+00,+34.492E-03,+490.452E-03
+3.512660E+00,+20.020E-03,+496.080E-03
+3.517660E+00,+20.020E-03,+490.452E-03
+3.522660E+00,+17.206E-03,+490.452E-03
+3.527660E+00,+20.020E-03,+496.080E-03
+3.532660E+00,+18.814E-03,+487.236E-03
+3.537660E+00,+20.020E-03,+496.080E-03
+3.542660E+00,+20.020E-03,+490.452E-03
+3.547660E+00,+20.020E-03,+490.452E-03
+3.552660E+00,+17.206E-03,+462.312E-03
+3.557660E+00,+20.020E-03,+490.452E-03
+3.562660E+00,+18.814E-03,+490.452E-03
+3.567660E+00,+17.206E-03,+496.080E-03
+3.572660E+00,+20.020E-03,+145.528E-03
+3.577660E+00,+20.020E-03,+496.080E-03
+3.582660E+00,+17.206E-03,+484.824E-03
+3.587660E+00,+16.402E-03,+492.864E-03
+3.592660E+00,+18.814E-03,+147.940E-03
+3.597660E+00,+20.020E-03,+492.864E-03
+3.602660E+00,+20.020E-03,+490.452E-03
+3.607660E+00,+20.020E-03,+490.452E-03
+3.612660E+00,+20.020E-03,+343.317E-03
+3.617660E+00,+18.814E-03,+490.452E-03
+3.622660E+00,+17.206E-03,+490.452E-03
+3.627660E+00,+18.814E-03,+490.452E-03
+3.632660E+00,+18.814E-03,+490.452E-03
+3.637660E+00,+20.020E-03,+490.452E-03
+3.642660E+00,+16.000E-03,+490.452E-03
+3.647660E+00,+20.020E-03,+484.824E-03
+3.652660E+00,+18.814E-03,+496.080E-03
+3.657660E+00,+17.206E-03,+496.080E-03
+3.662660E+00,+18.814E-03,+496.080E-03
+3.667660E+00,+20.020E-03,+484.824E-03
+3.672660E+00,+20.020E-03,+490.452E-03
+3.677660E+00,+17.206E-03,+490.452E-03
+3.682660E+00,+23.638E-03,+490.452E-03
+3.687660E+00,+20.020E-03,+488.040E-03
+3.692660E+00,+20.020E-03,+496.080E-03
+3.697660E+00,+20.020E-03,+488.040E-03
+3.702660E+00,+17.206E-03,+490.452E-03
+3.707660E+00,+20.020E-03,+493.668E-03
+3.712660E+00,+17.608E-03,+488.040E-03
+3.717660E+00,+20.020E-03,+490.452E-03
+3.722660E+00,+20.020E-03,+490.452E-03
+3.727660E+00,+20.020E-03,+484.824E-03
+3.732660E+00,+18.814E-03,+484.824E-03
+3.737660E+00,+17.206E-03,+490.452E-03
+3.742660E+00,+20.020E-03,+490.452E-03
+3.747660E+00,+17.206E-03,+485.628E-03
+3.752660E+00,+17.206E-03,+490.452E-03
+3.757660E+00,+20.020E-03,+490.452E-03
+3.762660E+00,+20.020E-03,+492.864E-03
+3.767660E+00,+20.020E-03,+357.789E-03
+3.772660E+00,+18.814E-03,+490.452E-03
+3.777660E+00,+20.020E-03,+490.452E-03
+3.782660E+00,+20.020E-03,+488.040E-03
+3.787660E+00,+18.814E-03,+355.377E-03
+3.792660E+00,+17.206E-03,+492.864E-03
+3.797660E+00,+17.206E-03,+490.452E-03
+3.802660E+00,+20.020E-03,+490.452E-03
+3.807660E+00,+16.000E-03,+492.864E-03
+3.812660E+00,+20.020E-03,+484.824E-03
+3.817660E+00,+17.206E-03,+490.452E-03
+3.822660E+00,+20.020E-03,+490.452E-03
+3.827660E+00,+20.020E-03,+143.116E-03
+3.832660E+00,+17.206E-03,+490.452E-03
+3.837660E+00,+20.020E-03,+496.080E-03
+3.842660E+00,+20.020E-03,+490.452E-03
+3.847660E+00,+20.020E-03,+490.452E-03
+3.852660E+00,+18.814E-03,+490.452E-03
+3.857660E+00,+17.206E-03,+490.452E-03
+3.862660E+00,+20.020E-03,+490.452E-03
+3.867660E+00,+20.020E-03,+490.452E-03
+3.872660E+00,+20.020E-03,+490.452E-03
+3.877660E+00,+17.206E-03,+496.080E-03
+3.882660E+00,+18.814E-03,+490.452E-03
+3.887660E+00,+17.206E-03,+490.452E-03
+3.892660E+00,+18.814E-03,+490.452E-03
+3.897660E+00,+20.020E-03,+490.452E-03
+3.902660E+00,+20.020E-03,+490.452E-03
+3.907660E+00,+20.020E-03,+490.452E-03
+3.912660E+00,+36.905E-03,+490.452E-03
+3.917660E+00,+20.020E-03,+496.080E-03
+3.922660E+00,+18.814E-03,+492.864E-03
+3.927660E+00,+18.814E-03,+490.452E-03
+3.932660E+00,+20.020E-03,+490.452E-03
+3.937660E+00,+20.020E-03,+490.452E-03
+3.942660E+00,+17.206E-03,+498.492E-03
+3.947660E+00,+17.206E-03,+484.824E-03
+3.952660E+00,+18.814E-03,+487.236E-03
+3.957660E+00,+18.814E-03,+490.452E-03
+3.962660E+00,+17.206E-03,+490.452E-03
+3.967660E+00,+20.020E-03,+490.452E-03
+3.972660E+00,+20.020E-03,+490.452E-03
+3.977660E+00,+20.020E-03,+492.864E-03
+3.982660E+00,+17.206E-03,+490.452E-03
+3.987660E+00,+18.814E-03,+488.040E-03
+3.992660E+00,+20.020E-03,+490.452E-03
+3.997660E+00,+20.020E-03,+493.668E-03
+4.002660E+00,+16.000E-03,+490.452E-03
+4.007660E+00,+20.020E-03,+490.452E-03
+4.012660E+00,+18.814E-03,+501.709E-03
+4.017660E+00,+16.000E-03,+496.080E-03
+4.022660E+00,+17.206E-03,+492.864E-03
+4.027660E+00,+18.814E-03,+490.452E-03
+4.032660E+00,+20.020E-03,+490.452E-03
+4.037660E+00,+17.206E-03,+496.080E-03
+4.042660E+00,+20.020E-03,+498.492E-03
+4.047660E+00,+20.020E-03,+490.452E-03
+4.052660E+00,+16.000E-03,+490.452E-03
+4.057660E+00,+16.000E-03,+490.452E-03
+4.062660E+00,+17.206E-03,+490.452E-03
+4.067660E+00,+20.020E-03,+492.864E-03
+4.072660E+00,+17.206E-03,+490.452E-03
+4.077660E+00,+20.020E-03,+496.080E-03
+4.082660E+00,+20.020E-03,+492.864E-03
+4.087660E+00,+17.206E-03,+484.824E-03
+4.092660E+00,+17.206E-03,+496.080E-03
+4.097660E+00,+20.020E-03,+490.452E-03
+4.102660E+00,+20.020E-03,+496.080E-03
+4.107660E+00,+20.020E-03,+488.040E-03
+4.112660E+00,+17.206E-03,+490.452E-03
+4.117660E+00,+17.206E-03,+496.080E-03
+4.122660E+00,+16.000E-03,+496.080E-03
+4.127660E+00,+20.020E-03,+144.724E-03
+4.132660E+00,+20.020E-03,+490.452E-03
+4.137660E+00,+17.206E-03,+487.236E-03
+4.142660E+00,+20.020E-03,+487.236E-03
+4.147660E+00,+18.814E-03,+11.256E-03
+4.152660E+00,+20.020E-03,+496.080E-03
+4.157660E+00,+18.814E-03,+490.452E-03
+4.162660E+00,+20.020E-03,+498.492E-03
+4.167660E+00,+16.000E-03,+343.317E-03
+4.172660E+00,+21.226E-03,+490.452E-03
+4.177660E+00,+22.834E-03,+490.452E-03
+4.182660E+00,+20.020E-03,+490.452E-03
+4.187660E+00,+20.020E-03,+345.729E-03
+4.192660E+00,+16.000E-03,+498.492E-03
+4.197660E+00,+17.206E-03,+492.864E-03
+4.202660E+00,+20.020E-03,+496.080E-03
+4.207660E+00,+20.020E-03,+490.452E-03
+4.212660E+00,+18.814E-03,+490.452E-03
+4.217660E+00,+16.000E-03,+490.452E-03
+4.222660E+00,+20.020E-03,+496.080E-03
+4.227660E+00,+20.020E-03,+490.452E-03
+4.232660E+00,+20.020E-03,+492.864E-03
+4.237660E+00,+20.020E-03,+490.452E-03
+4.242660E+00,+18.814E-03,+496.080E-03
+4.247660E+00,+17.206E-03,+490.452E-03
+4.252660E+00,+18.814E-03,+490.452E-03
+4.257660E+00,+18.814E-03,+490.452E-03
+4.262660E+00,+20.020E-03,+492.864E-03
+4.267660E+00,+20.020E-03,+492.864E-03
+4.272660E+00,+18.814E-03,+490.452E-03
+4.277660E+00,+18.814E-03,+482.412E-03
+4.282660E+00,+17.206E-03,+490.452E-03
+4.287660E+00,+20.020E-03,+488.040E-03
+4.292660E+00,+16.000E-03,+490.452E-03
+4.297660E+00,+20.020E-03,+490.452E-03
+4.302660E+00,+20.020E-03,+488.040E-03
+4.307660E+00,+17.206E-03,+488.040E-03
+4.312660E+00,+20.020E-03,+490.452E-03
+4.317660E+00,+20.020E-03,+490.452E-03
+4.322660E+00,+18.814E-03,+490.452E-03
+4.327660E+00,+18.814E-03,+496.080E-03
+4.332660E+00,+21.628E-03,+496.080E-03
+4.337660E+00,+20.020E-03,+492.864E-03
+4.342660E+00,+18.814E-03,+490.452E-03
+4.347660E+00,+18.814E-03,+498.492E-03
+4.352660E+00,+20.020E-03,+490.452E-03
+4.357660E+00,+20.020E-03,+496.080E-03
+4.362660E+00,+20.020E-03,+496.080E-03
+4.367660E+00,+20.020E-03,+492.864E-03
+4.372660E+00,+20.020E-03,+490.452E-03
+4.377660E+00,+17.206E-03,+490.452E-03
+4.382660E+00,+20.020E-03,+476.784E-03
+4.387660E+00,+20.020E-03,+484.824E-03
+4.392660E+00,+20.020E-03,+490.452E-03
+4.397660E+00,+16.000E-03,+490.452E-03
+4.402660E+00,+18.814E-03,+152.764E-03
+4.407660E+00,+20.020E-03,+490.452E-03
+4.412660E+00,+18.814E-03,+490.452E-03
+4.417660E+00,+20.020E-03,+490.452E-03
+4.422660E+00,+18.814E-03,+345.729E-03
+4.427660E+00,+18.814E-03,+490.452E-03
+4.432660E+00,+16.000E-03,+492.864E-03
+4.437660E+00,+17.206E-03,+492.864E-03
+4.442660E+00,+20.020E-03,+357.789E-03
+4.447660E+00,+20.020E-03,+492.864E-03
+4.452660E+00,+20.020E-03,+492.864E-03
+4.457660E+00,+18.814E-03,+488.040E-03
+4.462660E+00,+16.000E-03,+490.452E-03
+4.467660E+00,+18.814E-03,+490.452E-03
+4.472660E+00,+20.020E-03,+490.452E-03
+4.477660E+00,+20.020E-03,+490.452E-03
+4.482660E+00,+20.020E-03,+490.452E-03
+4.487660E+00,+16.000E-03,+490.452E-03
+4.492660E+00,+20.020E-03,+498.492E-03
+4.497660E+00,+18.814E-03,+496.080E-03
+4.502660E+00,+18.412E-03,+496.080E-03
+4.507660E+00,+20.020E-03,+490.452E-03
+4.512660E+00,+17.206E-03,+490.452E-03
+4.517660E+00,+18.814E-03,+490.452E-03
+4.522660E+00,+16.000E-03,+488.040E-03
+4.527660E+00,+18.814E-03,+488.040E-03
+4.532660E+00,+17.206E-03,+496.080E-03
+4.537660E+00,+17.206E-03,+484.824E-03
+4.542660E+00,+20.020E-03,+490.452E-03
+4.547660E+00,+17.206E-03,+490.452E-03
+4.552660E+00,+18.814E-03,+490.452E-03
+4.557660E+00,+20.020E-03,+482.412E-03
+4.562660E+00,+20.020E-03,+490.452E-03
+4.567660E+00,+20.020E-03,+496.080E-03
+4.572660E+00,+16.000E-03,+490.452E-03
+4.577660E+00,+18.412E-03,+490.452E-03
+4.582660E+00,+18.412E-03,+490.452E-03
+4.587660E+00,+20.020E-03,+496.080E-03
+4.592660E+00,+17.206E-03,+490.452E-03
+4.597660E+00,+16.000E-03,+488.040E-03
+4.602660E+00,+22.834E-03,+496.080E-03
+4.607660E+00,+20.020E-03,+492.864E-03
+4.612660E+00,+20.020E-03,+490.452E-03
+4.617660E+00,+20.020E-03,+488.040E-03
+4.622660E+00,+12.784E-03,+490.452E-03
+4.627660E+00,+18.814E-03,+490.452E-03
+4.632660E+00,+18.814E-03,+490.452E-03
+4.637660E+00,+18.814E-03,+479.196E-03
+4.642660E+00,+17.206E-03,+490.452E-03
+4.647660E+00,+20.020E-03,+496.080E-03
+4.652660E+00,+20.020E-03,+490.452E-03
+4.657660E+00,+17.206E-03,+487.236E-03
+4.662660E+00,+20.020E-03,+488.040E-03
+4.667660E+00,+20.020E-03,+490.452E-03
+4.672660E+00,+20.020E-03,+492.864E-03
+4.677660E+00,+17.206E-03,+343.317E-03
+4.682660E+00,+16.000E-03,+496.080E-03
+4.687660E+00,+20.020E-03,+484.824E-03
+4.692660E+00,+17.206E-03,+492.864E-03
+4.697660E+00,+20.020E-03,+348.141E-03
+4.702660E+00,+16.000E-03,+492.864E-03
+4.707660E+00,+20.020E-03,+492.864E-03
+4.712660E+00,+17.206E-03,+490.452E-03
+4.717660E+00,+20.020E-03,+490.452E-03
+4.722660E+00,+17.206E-03,+490.452E-03
+4.727660E+00,+18.814E-03,+490.452E-03
+4.732660E+00,+17.206E-03,+490.452E-03
+4.737660E+00,+20.020E-03,+490.452E-03
+4.742660E+00,+20.020E-03,+490.452E-03
+4.747660E+00,+20.020E-03,+490.452E-03
+4.752660E+00,+20.020E-03,+490.452E-03
+4.757660E+00,+20.020E-03,+490.452E-03
+4.762660E+00,+18.814E-03,+496.080E-03
+4.767660E+00,+20.020E-03,+490.452E-03
+4.772660E+00,+20.020E-03,+490.452E-03
+4.777660E+00,+20.020E-03,+490.452E-03
+4.782660E+00,+17.206E-03,+490.452E-03
+4.787660E+00,+16.000E-03,+490.452E-03
+4.792660E+00,+21.226E-03,+479.196E-03
+4.797660E+00,+16.000E-03,+490.452E-03
+4.802660E+00,+20.020E-03,+490.452E-03
+4.807660E+00,+18.814E-03,+490.452E-03
+4.812660E+00,+20.020E-03,+13.668E-03
+4.817660E+00,+20.020E-03,+490.452E-03
+4.822660E+00,+18.814E-03,+490.452E-03
+4.827660E+00,+21.628E-03,+496.080E-03
+4.832660E+00,+20.020E-03,+348.141E-03
+4.837660E+00,+20.020E-03,+490.452E-03
+4.842660E+00,+20.020E-03,+490.452E-03
+4.847660E+00,+20.020E-03,+490.452E-03
+4.852660E+00,+16.402E-03,+490.452E-03
+4.857660E+00,+20.020E-03,+490.452E-03
+4.862660E+00,+17.206E-03,+492.864E-03
+4.867660E+00,+20.020E-03,+490.452E-03
+4.872660E+00,+20.020E-03,+492.864E-03
+4.877660E+00,+20.020E-03,+490.452E-03
+4.882660E+00,+18.814E-03,+496.080E-03
+4.887660E+00,+22.834E-03,+490.452E-03
+4.892660E+00,+20.020E-03,+484.824E-03
+4.897660E+00,+20.020E-03,+490.452E-03
+4.902660E+00,+20.020E-03,+496.080E-03
+4.907660E+00,+20.020E-03,+492.864E-03
+4.912660E+00,+20.020E-03,+490.452E-03
+4.917660E+00,+20.020E-03,+490.452E-03
+4.922660E+00,+18.814E-03,+490.452E-03
+4.927660E+00,+20.020E-03,+490.452E-03
+4.932660E+00,+20.020E-03,+492.864E-03
+4.937660E+00,+20.020E-03,+490.452E-03
+4.942660E+00,+20.020E-03,+492.864E-03
+4.947660E+00,+18.814E-03,+490.452E-03
+4.952660E+00,+20.020E-03,+490.452E-03
+4.957660E+00,+20.020E-03,+496.080E-03
+4.962660E+00,+17.206E-03,+490.452E-03
+4.967660E+00,+20.020E-03,+498.492E-03
+4.972660E+00,+18.814E-03,+490.452E-03
+4.977660E+00,+20.020E-03,+490.452E-03
+4.982660E+00,+20.020E-03,+490.452E-03
+4.987660E+00,+20.020E-03,+490.452E-03
+4.992660E+00,+17.206E-03,+490.452E-03
+4.997660E+00,+16.000E-03,+492.864E-03
+5.002660E+00,,
+5.007660E+00,,
+5.012660E+00,,
+5.017660E+00,,
+5.022660E+00,,
+5.027660E+00,,
+5.032660E+00,,
+5.037660E+00,,
+5.042660E+00,,
+5.047660E+00,,
+5.052660E+00,,
+5.057660E+00,,
+5.062660E+00,,
+5.067660E+00,,
+5.072660E+00,,
+5.077660E+00,,
+5.082660E+00,,
+5.087660E+00,,
+5.092660E+00,,
+5.097660E+00,,
+5.102660E+00,,
+5.107660E+00,,
+5.112660E+00,,
+5.117660E+00,,
